date,sourceType,xeroId,contact,description,accountCode,accountName,accountType,accountClass,lineAmount,taxType
2026-05-27,ACCPAY bill,010f412f-8d97-4ced-be49-4aff846b3914,Napa Auto Parts,---,310,Cost of Goods Sold,DIRECTCOSTS,EXPENSE,74.24,INPUT2
2025-12-08,ACCPAY bill,01a4c05b-952f-4129-b5bb-0fdb1fe0b726,BANOZE TYRES WHOLESALE,.,310,Cost of Goods Sold,DIRECTCOSTS,EXPENSE,37.3,INPUT2
2026-01-16,ACCPAY bill,030763f5-39ec-42e8-8bc0-a27dfd26cc2c,BANOZE TYRES WHOLESALE,---,310,Cost of Goods Sold,DIRECTCOSTS,EXPENSE,152,INPUT2
2025-11-21,ACCPAY bill,03b763e3-a0c9-4ee6-a3c4-db7cde235f2a,Napa Auto Parts,.,310,Cost of Goods Sold,DIRECTCOSTS,EXPENSE,325,INPUT2
2026-06-01,ACCPAY bill,0414a3bc-9199-4b2f-ad87-3d37d72e0065,Napa Auto Parts,---,310,Cost of Goods Sold,DIRECTCOSTS,EXPENSE,235.84,INPUT2
2026-06-01,ACCPAY bill,05f8706a-2906-4f5a-bec6-8c902191b676,Napa Auto Parts,---,310,Cost of Goods Sold,DIRECTCOSTS,EXPENSE,163.14,INPUT2
2026-05-29,ACCPAY bill,06372112-81b2-4025-8dd0-310ad6f2ec34,BANOZE TYRES WHOLESALE,---,310,Cost of Goods Sold,DIRECTCOSTS,EXPENSE,40.18,INPUT2
2026-06-25,ACCPAY bill,069714d6-750e-4e6a-ba65-b5f722620f9c,Napa Auto Parts,---,310,Cost of Goods Sold,DIRECTCOSTS,EXPENSE,23.88,INPUT2
2026-05-19,ACCPAY bill,06f9700c-09fe-4139-a708-84cf93352528,Napa Auto Parts,---,310,Cost of Goods Sold,DIRECTCOSTS,EXPENSE,124.2,INPUT2
2026-05-19,ACCPAY bill,06f9700c-09fe-4139-a708-84cf93352528,Napa Auto Parts,---,310,Cost of Goods Sold,DIRECTCOSTS,EXPENSE,0.02,ZERORATEDINPUT
2026-05-20,ACCPAY bill,07e02f82-0fba-42c7-b3c4-1a0a58d66f36,Napa Auto Parts,---,310,Cost of Goods Sold,DIRECTCOSTS,EXPENSE,2.5,INPUT2
2026-06-24,ACCPAY bill,08211bf3-47c5-4c71-bdd5-24dee3080baf,Napa Auto Parts,---,310,Cost of Goods Sold,DIRECTCOSTS,EXPENSE,81.74,INPUT2
2026-06-19,ACCPAY bill,096e2706-5b3e-4625-9f55-4c519e48fb76,Napa Auto Parts,---,310,Cost of Goods Sold,DIRECTCOSTS,EXPENSE,157.4,INPUT2
2026-06-19,ACCPAY bill,096e2706-5b3e-4625-9f55-4c519e48fb76,Napa Auto Parts,---,310,Cost of Goods Sold,DIRECTCOSTS,EXPENSE,0.02,ZERORATEDINPUT
2026-05-22,ACCPAY bill,0b6c504f-03d9-4876-862e-8cfc8cb394b5,Napa Auto Parts,---,310,Cost of Goods Sold,DIRECTCOSTS,EXPENSE,11.05,INPUT2
2026-05-22,ACCPAY bill,0b6c504f-03d9-4876-862e-8cfc8cb394b5,Napa Auto Parts,---,310,Cost of Goods Sold,DIRECTCOSTS,EXPENSE,0.02,ZERORATEDINPUT
2026-06-25,ACCPAY bill,0c360a5a-630b-4e81-a85b-1e8fbabe2b8b,Napa Auto Parts,---,310,Cost of Goods Sold,DIRECTCOSTS,EXPENSE,90.5,INPUT2
2026-05-29,ACCPAY bill,0cb494e2-874b-4729-98d8-f3fda6f3f41a,Napa Auto Parts,---,310,Cost of Goods Sold,DIRECTCOSTS,EXPENSE,11.9,INPUT2
2026-05-28,ACCPAY bill,0d8c6e69-a167-4d36-9398-3d387c56dac6,Napa Auto Parts,---,310,Cost of Goods Sold,DIRECTCOSTS,EXPENSE,10.5,INPUT2
2026-06-12,ACCPAY bill,10a01349-bd59-406d-87e3-1f6694b9b4f2,Napa Auto Parts,---,310,Cost of Goods Sold,DIRECTCOSTS,EXPENSE,3.75,INPUT2
2026-06-12,ACCPAY bill,10a01349-bd59-406d-87e3-1f6694b9b4f2,Napa Auto Parts,---,310,Cost of Goods Sold,DIRECTCOSTS,EXPENSE,0.02,ZERORATEDINPUT
2026-06-03,ACCPAY bill,10bb4ea6-b2c8-4d95-8a3d-c1af670e76c0,Napa Auto Parts,---,310,Cost of Goods Sold,DIRECTCOSTS,EXPENSE,66.95,INPUT2
2026-06-03,ACCPAY bill,10bb4ea6-b2c8-4d95-8a3d-c1af670e76c0,Napa Auto Parts,---,310,Cost of Goods Sold,DIRECTCOSTS,EXPENSE,0.01,ZERORATEDINPUT
2026-06-10,ACCPAY bill,11b0d520-0634-434e-ac40-41217c69b664,Napa Auto Parts,---,310,Cost of Goods Sold,DIRECTCOSTS,EXPENSE,44.99,INPUT2
2025-12-31,ACCPAY bill,1461cea9-1623-44a4-af93-fbf583cb5db1,Ian W Bentley Bulk Transport Ltd,---,469,Rent & Rates,OVERHEADS,EXPENSE,2708.33,INPUT2
2026-03-17,ACCPAY bill,148dc9d9-f38a-4bbe-9da1-d9ffa7342671,AZ Motor Spares,---,310,Cost of Goods Sold,DIRECTCOSTS,EXPENSE,21.08,INPUT2
2026-02-25,ACCPAY bill,14ecbbd1-db6b-4116-8f56-d7ceab1b3bb8,BANOZE TYRES WHOLESALE,---,310,Cost of Goods Sold,DIRECTCOSTS,EXPENSE,50.4,INPUT2
2026-05-19,ACCPAY bill,1514f9e1-e32a-49e8-a849-2370767f4e6a,Napa Auto Parts,---,310,Cost of Goods Sold,DIRECTCOSTS,EXPENSE,4.1,INPUT2
2026-05-19,ACCPAY bill,1514f9e1-e32a-49e8-a849-2370767f4e6a,Napa Auto Parts,---,310,Cost of Goods Sold,DIRECTCOSTS,EXPENSE,0.01,ZERORATEDINPUT
2025-11-20,ACCPAY bill,16a7061e-c41c-4ebc-974e-fe472aff6fa6,BANOZE TYRES WHOLESALE,.,310,Cost of Goods Sold,DIRECTCOSTS,EXPENSE,165.8,INPUT2
2026-05-27,ACCPAY bill,1737f7df-aec3-45fb-ab47-4cf423eb26f0,Napa Auto Parts,---,310,Cost of Goods Sold,DIRECTCOSTS,EXPENSE,8.84,INPUT2
2026-05-29,ACCPAY bill,179a2813-4484-40fb-bcb0-fadba6826bf1,BANOZE TYRES WHOLESALE,---,310,Cost of Goods Sold,DIRECTCOSTS,EXPENSE,68.2,INPUT2
2025-11-18,ACCPAY bill,17ac9fbb-8c2f-4b15-9efe-1e92473dc60f,BANOZE TYRES WHOLESALE,.,310,Cost of Goods Sold,DIRECTCOSTS,EXPENSE,20.95,INPUT2
2026-05-20,ACCPAY bill,17b7b3a5-cc06-4062-9919-14e3eb9465cc,Napa Auto Parts,---,310,Cost of Goods Sold,DIRECTCOSTS,EXPENSE,120.34,INPUT2
2026-06-19,ACCPAY bill,18ed16c4-8869-4010-883d-2adad8b21b25,Napa Auto Parts,---,310,Cost of Goods Sold,DIRECTCOSTS,EXPENSE,13.35,INPUT2
2026-02-25,ACCPAY bill,19520260-e2bf-4f2c-80f3-948cc495c84d,BANOZE TYRES WHOLESALE,---,310,Cost of Goods Sold,DIRECTCOSTS,EXPENSE,22.15,INPUT2
2026-06-17,ACCPAY bill,1a69c90b-8075-42ed-8093-82899509b589,Napa Auto Parts,---,310,Cost of Goods Sold,DIRECTCOSTS,EXPENSE,124.63,INPUT2
2026-01-28,ACCPAY bill,1ad8bd19-d8e2-4905-95ad-1c68a1d6dc2f,BANOZE TYRES WHOLESALE,---,310,Cost of Goods Sold,DIRECTCOSTS,EXPENSE,37.58,ZERORATEDINPUT
2026-06-17,ACCPAY bill,1de24306-31f7-4664-b62b-33b2e2c966e2,Napa Auto Parts,---,310,Cost of Goods Sold,DIRECTCOSTS,EXPENSE,18.9,INPUT2
2026-06-17,ACCPAY bill,1de24306-31f7-4664-b62b-33b2e2c966e2,Napa Auto Parts,---,310,Cost of Goods Sold,DIRECTCOSTS,EXPENSE,0.02,ZERORATEDINPUT
2026-02-18,ACCPAY bill,1e6ca8b4-c8c3-428a-b484-a9c26056611a,BANOZE TYRES WHOLESALE,---,310,Cost of Goods Sold,DIRECTCOSTS,EXPENSE,90.6,INPUT2
2026-05-22,ACCPAY bill,1ed3b557-a7dc-4483-9c83-a373ee4bd82c,Napa Auto Parts,---,310,Cost of Goods Sold,DIRECTCOSTS,EXPENSE,31.4,INPUT2
2026-05-22,ACCPAY bill,1ed3b557-a7dc-4483-9c83-a373ee4bd82c,Napa Auto Parts,---,310,Cost of Goods Sold,DIRECTCOSTS,EXPENSE,0.01,ZERORATEDINPUT
2026-04-21,ACCPAY bill,1f26c2d8-9287-40c4-bff8-f97858f5b717,BANOZE TYRES WHOLESALE,---,310,Cost of Goods Sold,DIRECTCOSTS,EXPENSE,103.35,INPUT2
2026-05-29,ACCPAY bill,267e58de-c2ab-42a0-bf4a-18110eba1b9a,Napa Auto Parts,---,310,Cost of Goods Sold,DIRECTCOSTS,EXPENSE,4.08,INPUT2
2026-06-11,ACCPAY bill,28826110-015d-42bb-bc61-a8c207149ca3,Napa Auto Parts,---,310,Cost of Goods Sold,DIRECTCOSTS,EXPENSE,8.84,INPUT2
2025-11-19,ACCPAY bill,28e53482-9cfe-40a5-8529-891178974799,Napa Auto Parts,.,310,Cost of Goods Sold,DIRECTCOSTS,EXPENSE,134.98,INPUT2
2026-02-27,ACCPAY bill,29b571bc-3e25-4e32-bb24-a21f91f9639e,Greno Garage & Engineering Ltd,---,310,Cost of Goods Sold,DIRECTCOSTS,EXPENSE,120,INPUT2
2026-06-03,ACCPAY bill,2a6ce1d2-5ad0-48c7-bae2-23b2f3fd9e26,Napa Auto Parts,---,310,Cost of Goods Sold,DIRECTCOSTS,EXPENSE,124.63,INPUT2
2026-06-03,ACCPAY bill,2ab4a781-9b98-463b-80f7-fdbc5e121703,Napa Auto Parts,---,310,Cost of Goods Sold,DIRECTCOSTS,EXPENSE,180,INPUT2
2026-06-03,ACCPAY bill,2ab4a781-9b98-463b-80f7-fdbc5e121703,Napa Auto Parts,---,310,Cost of Goods Sold,DIRECTCOSTS,EXPENSE,300,ZERORATEDINPUT
2026-02-24,ACCPAY bill,2bf372d2-f01d-4fa8-9e61-e228a53a57b1,Volkswagen Group United Kingdom,---,310,Cost of Goods Sold,DIRECTCOSTS,EXPENSE,51.4,INPUT2
2026-02-24,ACCPAY bill,2bf372d2-f01d-4fa8-9e61-e228a53a57b1,Volkswagen Group United Kingdom,---,310,Cost of Goods Sold,DIRECTCOSTS,EXPENSE,0.02,ZERORATEDINPUT
2026-06-12,ACCPAY bill,2d841b38-9957-470e-a7f0-4e7bae3fa0a6,Napa Auto Parts,---,310,Cost of Goods Sold,DIRECTCOSTS,EXPENSE,217.74,INPUT2
2026-01-31,ACCPAY bill,2efefd0c-f39a-4088-ab34-418a07829094,Ian W Bentley Bulk Transport Ltd,---,469,Rent & Rates,OVERHEADS,EXPENSE,2708.33,INPUT2
2026-05-05,ACCPAY bill,2f57b4ba-ec94-409b-a72a-6c6cf3ce6257,BANOZE TYRES WHOLESALE,---,310,Cost of Goods Sold,DIRECTCOSTS,EXPENSE,22.05,INPUT2
2026-06-01,ACCPAY bill,317f3f4a-9e5f-43d7-9a70-285ca0e81e39,Napa Auto Parts,---,310,Cost of Goods Sold,DIRECTCOSTS,EXPENSE,41.7,INPUT2
2025-12-01,ACCPAY bill,31835efe-9591-4fd0-9315-8092eb6340f3,LEEDS UNIQUE,---,310,Cost of Goods Sold,DIRECTCOSTS,EXPENSE,42.98,INPUT2
2026-06-01,ACCPAY bill,32139f40-c594-42da-978f-5bc4a3bcce48,Napa Auto Parts,---,310,Cost of Goods Sold,DIRECTCOSTS,EXPENSE,14.3,INPUT2
2026-06-01,ACCPAY bill,32139f40-c594-42da-978f-5bc4a3bcce48,Napa Auto Parts,---,310,Cost of Goods Sold,DIRECTCOSTS,EXPENSE,0.01,ZERORATEDINPUT
2026-06-25,ACCPAY bill,33959302-17ba-42c4-b8d9-d41b703ea2e3,Napa Auto Parts,---,310,Cost of Goods Sold,DIRECTCOSTS,EXPENSE,36.85,INPUT2
2026-06-25,ACCPAY bill,33959302-17ba-42c4-b8d9-d41b703ea2e3,Napa Auto Parts,---,310,Cost of Goods Sold,DIRECTCOSTS,EXPENSE,0.01,ZERORATEDINPUT
2026-03-18,ACCPAY bill,35941fc9-70fa-424e-8943-5a4ad8b0a250,BANOZE TYRES WHOLESALE,---,310,Cost of Goods Sold,DIRECTCOSTS,EXPENSE,45.3,INPUT2
2026-05-19,ACCPAY bill,35b54ba8-36fb-40ea-8a11-8f97bc524651,Napa Auto Parts,---,310,Cost of Goods Sold,DIRECTCOSTS,EXPENSE,150.08,INPUT2
2026-05-28,ACCPAY bill,35c1d466-2626-48df-9355-8945f1583a52,Amazon,---,325,Direct Expenses,DIRECTCOSTS,EXPENSE,16.65,INPUT2
2026-05-28,ACCPAY bill,35c1d466-2626-48df-9355-8945f1583a52,Amazon,---,325,Direct Expenses,DIRECTCOSTS,EXPENSE,0.01,ZERORATEDINPUT
2026-06-04,ACCPAY bill,365a31ee-fa54-473f-a3af-6518216b93b1,Napa Auto Parts,---,310,Cost of Goods Sold,DIRECTCOSTS,EXPENSE,129.8,INPUT2
2025-11-10,ACCPAY bill,389e2185-f4b5-481d-903c-e720bd5123ae,Ian W Bentley Bulk Transport Ltd,---,469,Rent & Rates,OVERHEADS,EXPENSE,124.48,ZERORATEDINPUT
2026-06-16,ACCPAY bill,3cfaaef6-2f27-4d13-9fe0-9f730601840f,TRADE SAVERS,---,310,Cost of Goods Sold,DIRECTCOSTS,EXPENSE,13.58,INPUT2
2026-06-08,ACCPAY bill,3ebb9311-4368-41e6-8c85-8d888a3fb215,Napa Auto Parts,---,310,Cost of Goods Sold,DIRECTCOSTS,EXPENSE,7.78,INPUT2
2026-06-16,ACCPAY bill,3f76f7a2-ff1d-43e3-86ac-7e4726e6fbc4,Napa Auto Parts,---,310,Cost of Goods Sold,DIRECTCOSTS,EXPENSE,73.2,INPUT2
2026-06-16,ACCPAY bill,3f76f7a2-ff1d-43e3-86ac-7e4726e6fbc4,Napa Auto Parts,---,310,Cost of Goods Sold,DIRECTCOSTS,EXPENSE,0.01,ZERORATEDINPUT
2026-01-10,ACCPAY bill,410a703a-bb1a-4089-a5ef-b540f10e0248,BANOZE TYRES WHOLESALE,---,310,Cost of Goods Sold,DIRECTCOSTS,EXPENSE,24.9,INPUT2
2026-05-26,ACCPAY bill,414e1978-97fe-4598-951b-d2b814fa5ed9,Napa Auto Parts,---,310,Cost of Goods Sold,DIRECTCOSTS,EXPENSE,99.65,INPUT2
2026-05-26,ACCPAY bill,414e1978-97fe-4598-951b-d2b814fa5ed9,Napa Auto Parts,---,310,Cost of Goods Sold,DIRECTCOSTS,EXPENSE,0.01,ZERORATEDINPUT
2026-06-24,ACCPAY bill,42685db8-431b-42d2-bed4-5b09b186aa60,Napa Auto Parts,---,310,Cost of Goods Sold,DIRECTCOSTS,EXPENSE,78,INPUT2
2026-06-04,ACCPAY bill,4274dd6b-f85d-48ab-a729-91da06bb5871,Napa Auto Parts,---,310,Cost of Goods Sold,DIRECTCOSTS,EXPENSE,16.44,INPUT2
2026-06-24,ACCPAY bill,42ff4524-d8d3-4e11-bd84-c42e151fddab,Napa Auto Parts,---,310,Cost of Goods Sold,DIRECTCOSTS,EXPENSE,30.64,INPUT2
2026-06-11,ACCPAY bill,432b955b-b07a-4700-a7bc-bf52ee5d8736,Napa Auto Parts,---,310,Cost of Goods Sold,DIRECTCOSTS,EXPENSE,4.4,INPUT2
2026-06-11,ACCPAY bill,432b955b-b07a-4700-a7bc-bf52ee5d8736,Napa Auto Parts,---,310,Cost of Goods Sold,DIRECTCOSTS,EXPENSE,0.01,ZERORATEDINPUT
2026-01-16,ACCPAY bill,44229e77-01f6-4e66-8259-2e13df775d47,BANOZE TYRES WHOLESALE,---,310,Cost of Goods Sold,DIRECTCOSTS,EXPENSE,143,INPUT2
2026-06-04,ACCPAY bill,44a38f6b-e827-4b5f-abe0-fd7f6657b7a7,Napa Auto Parts,---,310,Cost of Goods Sold,DIRECTCOSTS,EXPENSE,4.85,INPUT2
2026-06-04,ACCPAY bill,44a38f6b-e827-4b5f-abe0-fd7f6657b7a7,Napa Auto Parts,---,310,Cost of Goods Sold,DIRECTCOSTS,EXPENSE,0.02,ZERORATEDINPUT
2026-05-26,ACCPAY bill,45c32c3c-8ba8-40e6-9a8f-a363477000c8,Napa Auto Parts,---,310,Cost of Goods Sold,DIRECTCOSTS,EXPENSE,146.28,INPUT2
2026-06-02,ACCPAY bill,46befe40-7ac5-48c8-aa28-35e9ba2ce402,Napa Auto Parts,---,310,Cost of Goods Sold,DIRECTCOSTS,EXPENSE,72.28,INPUT2
2026-06-09,ACCPAY bill,490905d3-9552-4c1f-807b-4083f7b9c4c1,Napa Auto Parts,---,310,Cost of Goods Sold,DIRECTCOSTS,EXPENSE,48.24,INPUT2
2026-06-16,ACCPAY bill,4cb44425-ae9b-4a1b-8373-d54ac180eb85,Napa Auto Parts,---,310,Cost of Goods Sold,DIRECTCOSTS,EXPENSE,10.55,INPUT2
2026-06-16,ACCPAY bill,4cb44425-ae9b-4a1b-8373-d54ac180eb85,Napa Auto Parts,---,310,Cost of Goods Sold,DIRECTCOSTS,EXPENSE,0.01,ZERORATEDINPUT
2026-06-25,ACCPAY bill,4cdaf026-e5f8-4734-bb44-36faa1ffeeec,Napa Auto Parts,---,310,Cost of Goods Sold,DIRECTCOSTS,EXPENSE,50.6,INPUT2
2026-06-25,ACCPAY bill,4cdaf026-e5f8-4734-bb44-36faa1ffeeec,Napa Auto Parts,---,310,Cost of Goods Sold,DIRECTCOSTS,EXPENSE,0.01,ZERORATEDINPUT
2026-06-09,ACCPAY bill,4d353f1e-b6e8-4528-ba07-31dd3f8d79c7,Napa Auto Parts,---,310,Cost of Goods Sold,DIRECTCOSTS,EXPENSE,10.5,INPUT2
2026-06-09,ACCPAY bill,4d596b9c-3b1c-4e3e-a244-4db520e255be,Napa Auto Parts,---,310,Cost of Goods Sold,DIRECTCOSTS,EXPENSE,40.39,INPUT2
2026-06-16,ACCPAY bill,4f7166eb-ecf5-4344-8650-83357fe4b1ff,Napa Auto Parts,---,310,Cost of Goods Sold,DIRECTCOSTS,EXPENSE,15.65,INPUT2
2026-06-16,ACCPAY bill,4f7166eb-ecf5-4344-8650-83357fe4b1ff,Napa Auto Parts,---,310,Cost of Goods Sold,DIRECTCOSTS,EXPENSE,0.02,ZERORATEDINPUT
2026-05-19,ACCPAY bill,5013f241-c49b-454a-ae57-88fa9dfba7ef,Napa Auto Parts,---,310,Cost of Goods Sold,DIRECTCOSTS,EXPENSE,6.9,INPUT2
2026-06-12,ACCPAY bill,51291e87-c33a-4ab6-9073-d1614f996e2a,Napa Auto Parts,---,310,Cost of Goods Sold,DIRECTCOSTS,EXPENSE,21.35,INPUT2
2026-06-12,ACCPAY bill,51291e87-c33a-4ab6-9073-d1614f996e2a,Napa Auto Parts,---,310,Cost of Goods Sold,DIRECTCOSTS,EXPENSE,0.02,ZERORATEDINPUT
2026-06-15,ACCPAY bill,514cbe09-0649-49e0-82aa-7aa4cdba058c,Napa Auto Parts,---,310,Cost of Goods Sold,DIRECTCOSTS,EXPENSE,14.85,INPUT2
2026-06-15,ACCPAY bill,514cbe09-0649-49e0-82aa-7aa4cdba058c,Napa Auto Parts,---,310,Cost of Goods Sold,DIRECTCOSTS,EXPENSE,0.01,ZERORATEDINPUT
2026-06-26,ACCPAY bill,577efa8c-3c4e-4b8b-a032-4ae4df181466,Napa Auto Parts,---,310,Cost of Goods Sold,DIRECTCOSTS,EXPENSE,32.64,INPUT2
2026-06-01,ACCPAY bill,58438037-1212-4886-abfb-d699d4e06f1e,AZ Motor Spares,---,310,Cost of Goods Sold,DIRECTCOSTS,EXPENSE,91.64,INPUT2
2026-01-19,ACCPAY bill,5bc47e2f-bb72-44ae-bfb5-c739adba305b,BANOZE TYRES WHOLESALE,---,310,Cost of Goods Sold,DIRECTCOSTS,EXPENSE,41.98,INPUT2
2026-05-19,ACCPAY bill,5c3c1a3e-a8dd-4211-b154-015c1d397e3c,BANOZE TYRES WHOLESALE,---,310,Cost of Goods Sold,DIRECTCOSTS,EXPENSE,39.99,INPUT2
2026-06-05,ACCPAY bill,5d1aa31a-1d1f-41cf-92ee-b5b7813282a6,Napa Auto Parts,---,310,Cost of Goods Sold,DIRECTCOSTS,EXPENSE,46.63,INPUT2
2026-05-22,ACCPAY bill,5ded368b-35ce-4dc7-9b00-100774e6f348,Napa Auto Parts,---,310,Cost of Goods Sold,DIRECTCOSTS,EXPENSE,4.2,INPUT2
2026-05-22,ACCPAY bill,5ded368b-35ce-4dc7-9b00-100774e6f348,Napa Auto Parts,---,310,Cost of Goods Sold,DIRECTCOSTS,EXPENSE,0.02,ZERORATEDINPUT
2026-05-30,ACCPAY bill,5fb0b506-8c2a-4ff9-8318-452beed56502,Napa Auto Parts,---,310,Cost of Goods Sold,DIRECTCOSTS,EXPENSE,235.84,INPUT2
2026-05-17,ACCPAY bill,5fc6ec74-2505-48c1-b677-75f065c38778,BANOZE TYRES WHOLESALE,---,310,Cost of Goods Sold,DIRECTCOSTS,EXPENSE,32.9,INPUT2
2025-11-20,ACCPAY bill,60594def-6f36-4faf-89cb-f86158153f18,Perrys Motor Sales,.,310,Cost of Goods Sold,DIRECTCOSTS,EXPENSE,180.2,INPUT2
2026-06-01,ACCPAY bill,606900df-dc15-487c-b434-ac57b511ff1e,Napa Auto Parts,---,310,Cost of Goods Sold,DIRECTCOSTS,EXPENSE,92.69,INPUT2
2026-01-12,ACCPAY bill,60c9961c-2fc7-48a7-a69b-bb2e2af1ee59,BANOZE TYRES WHOLESALE,---,310,Cost of Goods Sold,DIRECTCOSTS,EXPENSE,70.3,INPUT2
2026-05-29,ACCPAY bill,6101fcd5-488e-41c8-91d4-8c0de92f769f,Napa Auto Parts,---,310,Cost of Goods Sold,DIRECTCOSTS,EXPENSE,56.48,INPUT2
2026-06-20,ACCPAY bill,613fc5a9-b9bd-4eb9-92bf-cb5972dcf8cf,Napa Auto Parts,---,310,Cost of Goods Sold,DIRECTCOSTS,EXPENSE,42.2,INPUT2
2026-06-20,ACCPAY bill,613fc5a9-b9bd-4eb9-92bf-cb5972dcf8cf,Napa Auto Parts,---,310,Cost of Goods Sold,DIRECTCOSTS,EXPENSE,0.02,ZERORATEDINPUT
2025-11-20,ACCPAY bill,6267de67-084d-4fba-bda1-c19ca2de7ee2,AZ Motor Spares,---,310,Cost of Goods Sold,DIRECTCOSTS,EXPENSE,25,INPUT2
2026-05-28,ACCPAY bill,631b6ce0-0069-4d0b-9db5-67f823afb15a,Napa Auto Parts,---,310,Cost of Goods Sold,DIRECTCOSTS,EXPENSE,29.18,INPUT2
2026-06-02,ACCPAY bill,638f4232-3362-4043-a2ae-26a834d204e2,Napa Auto Parts,---,310,Cost of Goods Sold,DIRECTCOSTS,EXPENSE,17.4,INPUT2
2026-06-16,ACCPAY bill,64aef9c8-e32f-44e0-b168-36029ace2d19,TPS Huddersfield,---,310,Cost of Goods Sold,DIRECTCOSTS,EXPENSE,162.9,INPUT2
2026-03-23,ACCPAY bill,66720b5f-021e-40f7-87e9-0158ddc3ced5,BANOZE TYRES WHOLESALE,---,310,Cost of Goods Sold,DIRECTCOSTS,EXPENSE,47.92,INPUT2
2026-04-24,ACCPAY bill,67c53554-acf0-4341-a996-e14da2d4fe2f,LEEDS UNIQUE,---,310,Cost of Goods Sold,DIRECTCOSTS,EXPENSE,53.58,INPUT2
2026-01-12,ACCPAY bill,68f0f4eb-f6b9-46df-8929-3c35a9def442,BANOZE TYRES WHOLESALE,---,310,Cost of Goods Sold,DIRECTCOSTS,EXPENSE,26.98,INPUT2
2026-03-20,ACCPAY bill,69041715-fa0f-407f-be86-a9f55ba39726,BANOZE TYRES WHOLESALE,---,310,Cost of Goods Sold,DIRECTCOSTS,EXPENSE,47.6,INPUT2
2026-04-23,ACCPAY bill,6972b607-aefa-429f-8178-d1f5971497fb,BMW Service Sandal Wakefield,---,310,Cost of Goods Sold,DIRECTCOSTS,EXPENSE,89.95,INPUT2
2026-04-23,ACCPAY bill,6972b607-aefa-429f-8178-d1f5971497fb,BMW Service Sandal Wakefield,---,310,Cost of Goods Sold,DIRECTCOSTS,EXPENSE,0.01,ZERORATEDINPUT
2026-05-22,ACCPAY bill,6b124544-e84c-4254-bed4-4be9cbe3697c,Napa Auto Parts,---,310,Cost of Goods Sold,DIRECTCOSTS,EXPENSE,7.64,INPUT2
2026-01-16,ACCPAY bill,7025a695-7d1c-4300-936e-8e952a037ad5,BANOZE TYRES WHOLESALE,---,310,Cost of Goods Sold,DIRECTCOSTS,EXPENSE,17.35,INPUT2
2026-02-17,ACCPAY bill,717acf9f-b723-401e-b2b0-db54b6ba8fb8,BANOZE TYRES WHOLESALE,---,310,Cost of Goods Sold,DIRECTCOSTS,EXPENSE,90.6,INPUT2
2026-05-27,ACCPAY bill,71e4e478-e1c3-4ec0-a252-a6a4a2a9d25a,Napa Auto Parts,---,310,Cost of Goods Sold,DIRECTCOSTS,EXPENSE,78,INPUT2
2026-06-09,ACCPAY bill,736f9a5e-e7cb-4669-8bd7-fff9eafeeef6,Napa Auto Parts,---,310,Cost of Goods Sold,DIRECTCOSTS,EXPENSE,10.13,INPUT2
2026-06-05,ACCPAY bill,753535cd-137d-4ffc-ad83-8f203f309822,Napa Auto Parts,---,310,Cost of Goods Sold,DIRECTCOSTS,EXPENSE,9.35,INPUT2
2026-06-03,ACCPAY bill,76999af3-9149-437e-81d6-517248db6b1f,Napa Auto Parts,---,310,Cost of Goods Sold,DIRECTCOSTS,EXPENSE,652.08,INPUT2
2026-06-09,ACCPAY bill,781e553e-8140-4204-82d1-32716e6a8288,Napa Auto Parts,---,310,Cost of Goods Sold,DIRECTCOSTS,EXPENSE,17.65,INPUT2
2026-05-27,ACCPAY bill,798c30ca-2bcf-43b4-a592-4adf9339f2b0,Napa Auto Parts,---,310,Cost of Goods Sold,DIRECTCOSTS,EXPENSE,78,INPUT2
2026-03-14,ACCPAY bill,7a88e708-0663-46cf-8a2b-f69da9174854,Volkswagen Group United Kingdom,---,310,Cost of Goods Sold,DIRECTCOSTS,EXPENSE,53.5,INPUT2
2026-02-23,ACCPAY bill,7ac15546-bd15-4b81-a8f6-6a7579a1d5dc,BANOZE TYRES WHOLESALE,---,310,Cost of Goods Sold,DIRECTCOSTS,EXPENSE,83.4,INPUT2
2026-06-16,ACCPAY bill,7baf887f-d08b-4316-b8b5-e73672f08368,Napa Auto Parts,---,310,Cost of Goods Sold,DIRECTCOSTS,EXPENSE,281.75,INPUT2
2026-06-16,ACCPAY bill,7baf887f-d08b-4316-b8b5-e73672f08368,Napa Auto Parts,---,310,Cost of Goods Sold,DIRECTCOSTS,EXPENSE,0.01,ZERORATEDINPUT
2025-11-03,ACCPAY bill,7ea2ad9e-fb95-42b7-b65c-4e2e39f6bc02,Ian W Bentley Bulk Transport Ltd,---,469,Rent & Rates,OVERHEADS,EXPENSE,312.01,INPUT2
2026-06-18,ACCPAY bill,81e85b6e-a01e-48de-96b7-aeb19d26d793,Napa Auto Parts,---,310,Cost of Goods Sold,DIRECTCOSTS,EXPENSE,10.8,INPUT2
2026-06-18,ACCPAY bill,81e85b6e-a01e-48de-96b7-aeb19d26d793,Napa Auto Parts,---,310,Cost of Goods Sold,DIRECTCOSTS,EXPENSE,0.02,ZERORATEDINPUT
2026-05-20,ACCPAY bill,82d56954-abbe-44eb-9e60-814f3a76fcc6,Napa Auto Parts,---,310,Cost of Goods Sold,DIRECTCOSTS,EXPENSE,3.5,INPUT2
2026-05-20,ACCPAY bill,82d56954-abbe-44eb-9e60-814f3a76fcc6,Napa Auto Parts,---,310,Cost of Goods Sold,DIRECTCOSTS,EXPENSE,0.01,ZERORATEDINPUT
2026-06-12,ACCPAY bill,8311b2a6-7e5f-41d6-88ce-fdf12ccd831b,Napa Auto Parts,---,310,Cost of Goods Sold,DIRECTCOSTS,EXPENSE,10.13,INPUT2
2026-06-26,ACCPAY bill,84f2aad8-3fb5-4b5a-9dab-b37bbae86ca1,Napa Auto Parts,---,310,Cost of Goods Sold,DIRECTCOSTS,EXPENSE,3.95,INPUT2
2026-06-26,ACCPAY bill,84f2aad8-3fb5-4b5a-9dab-b37bbae86ca1,Napa Auto Parts,---,310,Cost of Goods Sold,DIRECTCOSTS,EXPENSE,0.01,ZERORATEDINPUT
2026-06-24,ACCPAY bill,85460760-b171-4d81-a8cc-d5e626d04b0e,Napa Auto Parts,---,310,Cost of Goods Sold,DIRECTCOSTS,EXPENSE,237,INPUT2
2026-06-24,ACCPAY bill,85460760-b171-4d81-a8cc-d5e626d04b0e,Napa Auto Parts,---,310,Cost of Goods Sold,DIRECTCOSTS,EXPENSE,0.01,ZERORATEDINPUT
2026-06-15,ACCPAY bill,85ab508b-e166-4a70-9f7a-893ee1df725b,Napa Auto Parts,---,310,Cost of Goods Sold,DIRECTCOSTS,EXPENSE,10.8,INPUT2
2026-06-15,ACCPAY bill,85ab508b-e166-4a70-9f7a-893ee1df725b,Napa Auto Parts,---,310,Cost of Goods Sold,DIRECTCOSTS,EXPENSE,0.01,ZERORATEDINPUT
2026-05-22,ACCPAY bill,866b162d-74aa-4879-8a26-432ac58f0db6,Napa Auto Parts,---,310,Cost of Goods Sold,DIRECTCOSTS,EXPENSE,30.8,INPUT2
2026-05-26,ACCPAY bill,87acfaca-caa5-4070-8725-b588397e2af4,Napa Auto Parts,---,310,Cost of Goods Sold,DIRECTCOSTS,EXPENSE,4.2,INPUT2
2026-05-26,ACCPAY bill,87acfaca-caa5-4070-8725-b588397e2af4,Napa Auto Parts,---,310,Cost of Goods Sold,DIRECTCOSTS,EXPENSE,0.02,ZERORATEDINPUT
2026-04-29,ACCPAY bill,87e88175-cecb-4853-a1c1-609a2e88c942,AZ Motor Spares,---,310,Cost of Goods Sold,DIRECTCOSTS,EXPENSE,22.65,INPUT2
2026-04-29,ACCPAY bill,87e88175-cecb-4853-a1c1-609a2e88c942,AZ Motor Spares,---,310,Cost of Goods Sold,DIRECTCOSTS,EXPENSE,0.01,ZERORATEDINPUT
2026-05-22,ACCPAY bill,894de408-ee63-4eb5-8d3d-7f906cdf5cb7,Napa Auto Parts,---,310,Cost of Goods Sold,DIRECTCOSTS,EXPENSE,15.9,INPUT2
2026-05-22,ACCPAY bill,894de408-ee63-4eb5-8d3d-7f906cdf5cb7,Napa Auto Parts,---,310,Cost of Goods Sold,DIRECTCOSTS,EXPENSE,0.02,ZERORATEDINPUT
2026-06-24,ACCPAY bill,89d7e29e-0751-4758-a72a-7532b725fbbc,Napa Auto Parts,---,310,Cost of Goods Sold,DIRECTCOSTS,EXPENSE,14.15,INPUT2
2026-06-24,ACCPAY bill,89d7e29e-0751-4758-a72a-7532b725fbbc,Napa Auto Parts,---,310,Cost of Goods Sold,DIRECTCOSTS,EXPENSE,0.01,ZERORATEDINPUT
2026-06-26,ACCPAY bill,89db03fd-267d-4b59-b09d-3cc260386d6e,Napa Auto Parts,---,310,Cost of Goods Sold,DIRECTCOSTS,EXPENSE,5.1,INPUT2
2026-02-27,ACCPAY bill,8ca8ea9a-39fc-443c-ad53-a25c5573085f,BANOZE TYRES WHOLESALE,---,310,Cost of Goods Sold,DIRECTCOSTS,EXPENSE,29.15,INPUT2
2026-06-19,ACCPAY bill,8e8665f9-5708-4358-b89f-7addbba34188,Napa Auto Parts,---,310,Cost of Goods Sold,DIRECTCOSTS,EXPENSE,72.99,INPUT2
2026-06-05,ACCPAY bill,939059d9-baf0-47eb-a659-f831318517a2,Napa Auto Parts,---,310,Cost of Goods Sold,DIRECTCOSTS,EXPENSE,76.95,INPUT2
2026-06-05,ACCPAY bill,939059d9-baf0-47eb-a659-f831318517a2,Napa Auto Parts,---,310,Cost of Goods Sold,DIRECTCOSTS,EXPENSE,0.01,ZERORATEDINPUT
2026-03-31,ACCPAY bill,93c83ac2-e654-47d0-a37b-2202325487fa,Ian W Bentley Bulk Transport Ltd,---,469,Rent & Rates,OVERHEADS,EXPENSE,2708.33,INPUT2
2026-06-11,ACCPAY bill,93da9f20-4cd2-4b43-9fb9-3ad8f9319115,Napa Auto Parts,---,310,Cost of Goods Sold,DIRECTCOSTS,EXPENSE,26.24,INPUT2
2026-05-20,ACCPAY bill,941a2400-04e7-4ae7-ad5c-e0947828392d,Napa Auto Parts,---,310,Cost of Goods Sold,DIRECTCOSTS,EXPENSE,8.38,INPUT2
2026-05-19,ACCPAY bill,950e8a9b-45cd-493a-a8d7-736af6f25f63,Napa Auto Parts,---,310,Cost of Goods Sold,DIRECTCOSTS,EXPENSE,98.74,INPUT2
2026-06-26,ACCPAY bill,9810cd54-4663-4cb0-ad7b-ea0d0da74419,Napa Auto Parts,---,310,Cost of Goods Sold,DIRECTCOSTS,EXPENSE,8.04,INPUT2
2026-05-28,ACCPAY bill,98824e55-970d-46ba-8bbe-4e22359faf87,Napa Auto Parts,---,310,Cost of Goods Sold,DIRECTCOSTS,EXPENSE,17.05,INPUT2
2026-05-28,ACCPAY bill,98824e55-970d-46ba-8bbe-4e22359faf87,Napa Auto Parts,---,310,Cost of Goods Sold,DIRECTCOSTS,EXPENSE,0.02,ZERORATEDINPUT
2026-06-15,ACCPAY bill,9cec299c-2b5f-4dc1-b444-74985c6449ed,Napa Auto Parts,---,310,Cost of Goods Sold,DIRECTCOSTS,EXPENSE,45.8,INPUT2
2026-06-10,ACCPAY bill,9f385ada-ae09-4aeb-bb43-7c2f951d876e,Napa Auto Parts,---,310,Cost of Goods Sold,DIRECTCOSTS,EXPENSE,99.65,INPUT2
2026-06-10,ACCPAY bill,9f385ada-ae09-4aeb-bb43-7c2f951d876e,Napa Auto Parts,---,310,Cost of Goods Sold,DIRECTCOSTS,EXPENSE,0.01,ZERORATEDINPUT
2026-06-04,ACCPAY bill,9f5c2ef5-96a0-466e-9472-c589d1009168,Napa Auto Parts,---,310,Cost of Goods Sold,DIRECTCOSTS,EXPENSE,28.68,INPUT2
2026-06-01,ACCPAY bill,a18231a9-1374-4ee3-a119-6edab7cd00f9,Napa Auto Parts,---,310,Cost of Goods Sold,DIRECTCOSTS,EXPENSE,3.64,INPUT2
2026-05-01,ACCPAY bill,a3c91f70-4996-45c2-a1d2-8b112e3ea203,Ian W Bentley Bulk Transport Ltd,---,469,Rent & Rates,OVERHEADS,EXPENSE,306.59,INPUT2
2026-06-26,ACCPAY bill,a3d9edc7-86c4-4521-9e7b-179010304be9,Napa Auto Parts,---,310,Cost of Goods Sold,DIRECTCOSTS,EXPENSE,16.9,INPUT2
2026-06-26,ACCPAY bill,a3d9edc7-86c4-4521-9e7b-179010304be9,Napa Auto Parts,---,310,Cost of Goods Sold,DIRECTCOSTS,EXPENSE,0.01,ZERORATEDINPUT
2026-06-18,ACCPAY bill,a3e5b773-7861-4598-95b1-86ca36559193,Napa Auto Parts,---,310,Cost of Goods Sold,DIRECTCOSTS,EXPENSE,27.54,INPUT2
2026-05-20,ACCPAY bill,a4c52d31-c0a9-49d1-b7b1-f3326d7d0f06,Napa Auto Parts,---,310,Cost of Goods Sold,DIRECTCOSTS,EXPENSE,54.3,INPUT2
2026-05-20,ACCPAY bill,a4c52d31-c0a9-49d1-b7b1-f3326d7d0f06,Napa Auto Parts,---,310,Cost of Goods Sold,DIRECTCOSTS,EXPENSE,0.01,ZERORATEDINPUT
2026-06-24,ACCPAY bill,a531b828-fa16-4eb5-92ef-44bba75ce9ee,Napa Auto Parts,---,310,Cost of Goods Sold,DIRECTCOSTS,EXPENSE,23.35,INPUT2
2026-06-24,ACCPAY bill,a531b828-fa16-4eb5-92ef-44bba75ce9ee,Napa Auto Parts,---,310,Cost of Goods Sold,DIRECTCOSTS,EXPENSE,0.01,ZERORATEDINPUT
2025-12-17,ACCPAY bill,a5e4abdf-3e55-4aab-8b6d-1308f6bcfd8b,BANOZE TYRES WHOLESALE,.,310,Cost of Goods Sold,DIRECTCOSTS,EXPENSE,17.9,INPUT2
2025-12-12,ACCPAY bill,a72b6ae8-51e4-499e-bd50-8355a87f7e8c,BANOZE TYRES WHOLESALE,.,310,Cost of Goods Sold,DIRECTCOSTS,EXPENSE,119.4,INPUT2
2026-06-08,ACCPAY bill,ab61a35c-085c-477a-a298-7d1246dfdf54,Napa Auto Parts,---,310,Cost of Goods Sold,DIRECTCOSTS,EXPENSE,46.15,INPUT2
2026-06-08,ACCPAY bill,ab61a35c-085c-477a-a298-7d1246dfdf54,Napa Auto Parts,---,310,Cost of Goods Sold,DIRECTCOSTS,EXPENSE,0.01,ZERORATEDINPUT
2026-06-18,ACCPAY bill,acab4e44-e04a-466e-b46c-ce7771f5abef,Napa Auto Parts,---,310,Cost of Goods Sold,DIRECTCOSTS,EXPENSE,7,INPUT2
2026-01-28,ACCPAY bill,ad8a8e11-e3a5-46c8-a13e-4e484472de39,BANOZE TYRES WHOLESALE,---,310,Cost of Goods Sold,DIRECTCOSTS,EXPENSE,45.7,INPUT2
2025-11-20,ACCPAY bill,ae75b26a-9aa2-434b-b3ee-a9c05d998926,BANOZE TYRES WHOLESALE,.,310,Cost of Goods Sold,DIRECTCOSTS,EXPENSE,69.7,INPUT2
2026-06-19,ACCPAY bill,b0098bb1-3055-45d6-9ccd-e5e082609202,Napa Auto Parts,---,310,Cost of Goods Sold,DIRECTCOSTS,EXPENSE,161.2,INPUT2
2026-06-11,ACCPAY bill,b07a5994-eb73-48a3-b77a-ea321b002d12,Napa Auto Parts,---,310,Cost of Goods Sold,DIRECTCOSTS,EXPENSE,3.95,INPUT2
2026-06-11,ACCPAY bill,b07a5994-eb73-48a3-b77a-ea321b002d12,Napa Auto Parts,---,310,Cost of Goods Sold,DIRECTCOSTS,EXPENSE,0.01,ZERORATEDINPUT
2026-06-24,ACCPAY bill,b1293338-26f8-441c-83f2-f2f0e1b9a48b,Napa Auto Parts,---,310,Cost of Goods Sold,DIRECTCOSTS,EXPENSE,24.85,INPUT2
2026-06-24,ACCPAY bill,b1293338-26f8-441c-83f2-f2f0e1b9a48b,Napa Auto Parts,---,310,Cost of Goods Sold,DIRECTCOSTS,EXPENSE,0.01,ZERORATEDINPUT
2026-01-28,ACCPAY bill,b13ec83c-1013-4f6d-ba0d-dc9baf8dff0f,BANOZE TYRES WHOLESALE,---,310,Cost of Goods Sold,DIRECTCOSTS,EXPENSE,83.95,INPUT2
2026-01-28,ACCPAY bill,b13ec83c-1013-4f6d-ba0d-dc9baf8dff0f,BANOZE TYRES WHOLESALE,---,310,Cost of Goods Sold,DIRECTCOSTS,EXPENSE,0.01,ZERORATEDINPUT
2026-06-24,ACCPAY bill,b20cbb70-46ce-45fa-8c41-2ac962a2d45d,Napa Auto Parts,---,310,Cost of Goods Sold,DIRECTCOSTS,EXPENSE,50.18,INPUT2
2025-12-11,ACCPAY bill,b3e88d88-5ab7-4934-aa6a-3dc3ff2d0017,BANOZE TYRES WHOLESALE,.,310,Cost of Goods Sold,DIRECTCOSTS,EXPENSE,94.8,INPUT2
2026-04-29,ACCPAY bill,b3ef1d79-7baa-48a0-b30b-6a389d080a4f,Land Rover Centre Huddersfield,---,310,Cost of Goods Sold,DIRECTCOSTS,EXPENSE,150,INPUT2
2025-12-20,ACCPAY bill,b3f7728b-7b35-4294-9a14-680ba0267c98,BANOZE TYRES WHOLESALE,.,310,Cost of Goods Sold,DIRECTCOSTS,EXPENSE,85.6,INPUT2
2026-02-13,ACCPAY bill,b4f46970-71d1-4cd5-890f-9edfd339050e,BANOZE TYRES WHOLESALE,---,310,Cost of Goods Sold,DIRECTCOSTS,EXPENSE,53.3,INPUT2
2026-02-21,ACCPAY bill,b56d8af6-99f2-4167-812c-855f5653bc04,BANOZE TYRES WHOLESALE,---,310,Cost of Goods Sold,DIRECTCOSTS,EXPENSE,37.4,INPUT2
2026-06-16,ACCPAY bill,b6681a74-169d-424a-9d7b-ef3fc3c46d08,Napa Auto Parts,---,310,Cost of Goods Sold,DIRECTCOSTS,EXPENSE,24,INPUT2
2025-11-21,ACCPAY bill,b779b97b-1bb2-4e7f-a6ca-34cebd10a605,Vertu,---,310,Cost of Goods Sold,DIRECTCOSTS,EXPENSE,12.35,INPUT2
2025-11-21,ACCPAY bill,b779b97b-1bb2-4e7f-a6ca-34cebd10a605,Vertu,---,310,Cost of Goods Sold,DIRECTCOSTS,EXPENSE,0.02,ZERORATEDINPUT
2025-12-31,ACCPAY bill,b89b5a7f-6260-4ba8-9461-c3a34148a92c,Volkswagen Group United Kingdom,.,310,Cost of Goods Sold,DIRECTCOSTS,EXPENSE,88.08,INPUT2
2026-06-24,ACCPAY bill,b8e37fab-3541-49e3-825b-2cfa35517edd,Napa Auto Parts,---,310,Cost of Goods Sold,DIRECTCOSTS,EXPENSE,32.7,INPUT2
2026-06-24,ACCPAY bill,b8e37fab-3541-49e3-825b-2cfa35517edd,Napa Auto Parts,---,310,Cost of Goods Sold,DIRECTCOSTS,EXPENSE,0.02,ZERORATEDINPUT
2026-06-15,ACCPAY bill,b9816953-87d1-403b-9e64-eb5bf349cb41,MANDMORELTD,---,310,Cost of Goods Sold,DIRECTCOSTS,EXPENSE,92.6,INPUT2
2025-11-28,ACCPAY bill,b9c82a83-cf6b-47b9-83b3-a103a7b4cd58,Ian W Bentley Bulk Transport Ltd,---,469,Rent & Rates,OVERHEADS,EXPENSE,2708.33,INPUT2
2026-06-23,ACCPAY bill,bb5c8b97-074b-463f-9048-c7d5666b1a4f,Napa Auto Parts,---,310,Cost of Goods Sold,DIRECTCOSTS,EXPENSE,110.8,INPUT2
2026-06-04,ACCPAY bill,bb647070-dc0d-4e91-9ea4-4e28b0d7c305,Napa Auto Parts,---,310,Cost of Goods Sold,DIRECTCOSTS,EXPENSE,7.69,INPUT2
2026-05-21,ACCPAY bill,bbbdd6d4-66a1-41c9-a1b0-9ff06becdbd0,Landrover centre,---,310,Cost of Goods Sold,DIRECTCOSTS,EXPENSE,112.08,INPUT2
2026-06-22,ACCPAY bill,bc93ddd4-109f-4f08-a84e-b8ba207203c9,Napa Auto Parts,---,310,Cost of Goods Sold,DIRECTCOSTS,EXPENSE,15.93,INPUT2
2026-05-22,ACCPAY bill,bd2646c7-afdb-486f-83c9-314155f68ed5,Napa Auto Parts,---,310,Cost of Goods Sold,DIRECTCOSTS,EXPENSE,15.9,INPUT2
2026-05-22,ACCPAY bill,bd2646c7-afdb-486f-83c9-314155f68ed5,Napa Auto Parts,---,310,Cost of Goods Sold,DIRECTCOSTS,EXPENSE,0.02,ZERORATEDINPUT
2026-06-26,ACCPAY bill,be249fde-cd33-4e7c-af78-1526e8996ca4,Napa Auto Parts,---,310,Cost of Goods Sold,DIRECTCOSTS,EXPENSE,26.8,INPUT2
2026-01-24,ACCPAY bill,c0575f2d-1fa1-4f4e-8e76-35b9738bdb04,Volkswagen Group United Kingdom,---,310,Cost of Goods Sold,DIRECTCOSTS,EXPENSE,44.35,INPUT2
2026-01-24,ACCPAY bill,c0575f2d-1fa1-4f4e-8e76-35b9738bdb04,Volkswagen Group United Kingdom,---,310,Cost of Goods Sold,DIRECTCOSTS,EXPENSE,0.02,ZERORATEDINPUT
2026-06-25,ACCPAY bill,c0aef105-f591-4924-87fc-332293e73010,Napa Auto Parts,---,310,Cost of Goods Sold,DIRECTCOSTS,EXPENSE,62.45,INPUT2
2026-06-25,ACCPAY bill,c0aef105-f591-4924-87fc-332293e73010,Napa Auto Parts,---,310,Cost of Goods Sold,DIRECTCOSTS,EXPENSE,0.01,ZERORATEDINPUT
2026-06-18,ACCPAY bill,c12253d9-40be-45c0-a5c0-2901c893e5d7,Napa Auto Parts,---,310,Cost of Goods Sold,DIRECTCOSTS,EXPENSE,13.58,INPUT2
2026-04-15,ACCPAY bill,c5fe29b5-aec8-4bf4-bf78-025e6e3d9723,Napa Auto Parts,---,310,Cost of Goods Sold,DIRECTCOSTS,EXPENSE,106.29,INPUT2
2026-06-26,ACCPAY bill,ca11d885-a2ec-4f57-b596-ef97910a1058,Napa Auto Parts,---,310,Cost of Goods Sold,DIRECTCOSTS,EXPENSE,2.65,INPUT2
2025-11-19,ACCPAY bill,ce1183fd-3c86-463c-97bf-2c0937865e48,LEEDS UNIQUE,---,310,Cost of Goods Sold,DIRECTCOSTS,EXPENSE,337.51,INPUT2
2025-11-21,ACCPAY bill,d04221bb-a5a9-4ce6-b602-b4643a214566,LEEDS UNIQUE,---,310,Cost of Goods Sold,DIRECTCOSTS,EXPENSE,174.49,INPUT2
2026-06-22,ACCPAY bill,d0c81a46-5a40-4a45-9dab-cea82d8827c1,Napa Auto Parts,---,310,Cost of Goods Sold,DIRECTCOSTS,EXPENSE,148.93,INPUT2
2026-06-18,ACCPAY bill,d24f0627-ca59-41c8-9f80-fd93dfc90f3e,Napa Auto Parts,---,310,Cost of Goods Sold,DIRECTCOSTS,EXPENSE,94.75,INPUT2
2026-06-18,ACCPAY bill,d24f0627-ca59-41c8-9f80-fd93dfc90f3e,Napa Auto Parts,---,310,Cost of Goods Sold,DIRECTCOSTS,EXPENSE,0.01,ZERORATEDINPUT
2026-01-10,ACCPAY bill,d533344c-718a-4841-a468-b331591a14ae,BANOZE TYRES WHOLESALE,---,310,Cost of Goods Sold,DIRECTCOSTS,EXPENSE,20.55,INPUT2
2026-05-26,ACCPAY bill,d57d3104-d20a-4954-85ac-42cc02293f48,Napa Auto Parts,---,310,Cost of Goods Sold,DIRECTCOSTS,EXPENSE,287.5,INPUT2
2026-01-28,ACCPAY bill,d69ba0ad-8ba7-4ed9-9a77-db8a1622ad73,BANOZE TYRES WHOLESALE,---,310,Cost of Goods Sold,DIRECTCOSTS,EXPENSE,57.3,INPUT2
2026-06-03,ACCPAY bill,d81e9cf8-f128-47f8-955a-72ce020bb7a5,Napa Auto Parts,---,310,Cost of Goods Sold,DIRECTCOSTS,EXPENSE,63.45,INPUT2
2026-06-03,ACCPAY bill,d81e9cf8-f128-47f8-955a-72ce020bb7a5,Napa Auto Parts,---,310,Cost of Goods Sold,DIRECTCOSTS,EXPENSE,0.01,ZERORATEDINPUT
2026-05-19,ACCPAY bill,dc0e386a-0f0d-4520-849c-ccd3c3f206d6,Napa Auto Parts,---,310,Cost of Goods Sold,DIRECTCOSTS,EXPENSE,45.25,INPUT2
2026-05-19,ACCPAY bill,dc0e386a-0f0d-4520-849c-ccd3c3f206d6,Napa Auto Parts,---,310,Cost of Goods Sold,DIRECTCOSTS,EXPENSE,0.01,ZERORATEDINPUT
2025-11-30,ACCPAY bill,dd8dade0-42bf-447b-a119-fb8164419eb2,Ian W Bentley Bulk Transport Ltd,---,469,Rent & Rates,OVERHEADS,EXPENSE,313,INPUT2
2026-06-12,ACCPAY bill,de7b643d-16a1-4f85-bbb6-17095281019e,Napa Auto Parts,---,310,Cost of Goods Sold,DIRECTCOSTS,EXPENSE,11.05,INPUT2
2026-06-12,ACCPAY bill,de7b643d-16a1-4f85-bbb6-17095281019e,Napa Auto Parts,---,310,Cost of Goods Sold,DIRECTCOSTS,EXPENSE,0.02,ZERORATEDINPUT
2026-05-20,ACCPAY bill,de86a4a5-ea3b-48f6-abf7-696bc3945dc9,BANOZE TYRES WHOLESALE,---,310,Cost of Goods Sold,DIRECTCOSTS,EXPENSE,39.99,INPUT2
2026-02-28,ACCPAY bill,de9adef5-091b-4ae7-b46f-c2d83fa9c034,BANOZE TYRES WHOLESALE,---,310,Cost of Goods Sold,DIRECTCOSTS,EXPENSE,27.2,INPUT2
2025-12-17,ACCPAY bill,df417507-45bb-4740-8487-28fecc99c309,BANOZE TYRES WHOLESALE,.,310,Cost of Goods Sold,DIRECTCOSTS,EXPENSE,18.75,INPUT2
2026-05-19,ACCPAY bill,e12da69d-d3a6-4024-9e4b-bb61f3cded55,BANOZE TYRES WHOLESALE,---,310,Cost of Goods Sold,DIRECTCOSTS,EXPENSE,35.9,INPUT2
2026-06-16,ACCPAY bill,e1951689-7e5a-435e-8099-1ee5eae03ddf,Napa Auto Parts,---,310,Cost of Goods Sold,DIRECTCOSTS,EXPENSE,95.35,INPUT2
2026-06-16,ACCPAY bill,e1951689-7e5a-435e-8099-1ee5eae03ddf,Napa Auto Parts,---,310,Cost of Goods Sold,DIRECTCOSTS,EXPENSE,0.01,ZERORATEDINPUT
2026-01-20,ACCPAY bill,e342ce04-e686-4c6c-b107-f0a8d0cfce83,BANOZE TYRES WHOLESALE,---,310,Cost of Goods Sold,DIRECTCOSTS,EXPENSE,608.8,INPUT2
2026-06-08,ACCPAY bill,e3913879-f8ad-47b0-a275-194a91e14c67,Napa Auto Parts,---,310,Cost of Goods Sold,DIRECTCOSTS,EXPENSE,24.15,INPUT2
2026-06-08,ACCPAY bill,e3913879-f8ad-47b0-a275-194a91e14c67,Napa Auto Parts,---,310,Cost of Goods Sold,DIRECTCOSTS,EXPENSE,0.01,ZERORATEDINPUT
2026-06-03,ACCPAY bill,e447c295-fad5-4dc3-b25c-4e0579f9cc90,Napa Auto Parts,---,310,Cost of Goods Sold,DIRECTCOSTS,EXPENSE,11.9,ZERORATEDINPUT
2026-05-20,ACCPAY bill,e85e1b2d-37e8-432b-9b4d-39e827fc538b,Napa Auto Parts,---,310,Cost of Goods Sold,DIRECTCOSTS,EXPENSE,26.34,INPUT2
2026-06-08,ACCPAY bill,e8a91542-c889-4524-8b22-5c04671be11c,Napa Auto Parts,---,310,Cost of Goods Sold,DIRECTCOSTS,EXPENSE,4.95,INPUT2
2026-04-16,ACCPAY bill,eafe7272-1471-4bdc-8c9c-f198df98d185,BANOZE TYRES WHOLESALE,---,310,Cost of Goods Sold,DIRECTCOSTS,EXPENSE,81.3,INPUT2
2025-12-22,ACCPAY bill,eb49e0d6-7fde-4898-861f-3083c94b3a3a,BANOZE TYRES WHOLESALE,.,310,Cost of Goods Sold,DIRECTCOSTS,EXPENSE,45.3,INPUT2
2026-06-02,ACCPAY bill,ed176eb6-1054-45ad-9e4b-4132e006e0d1,Napa Auto Parts,---,310,Cost of Goods Sold,DIRECTCOSTS,EXPENSE,107.4,INPUT2
2026-06-02,ACCPAY bill,ed176eb6-1054-45ad-9e4b-4132e006e0d1,Napa Auto Parts,---,310,Cost of Goods Sold,DIRECTCOSTS,EXPENSE,0.01,ZERORATEDINPUT
2026-06-27,ACCPAY bill,ed4b4308-c456-4ecf-9bb4-7e6af9e5b918,Napa Auto Parts,---,310,Cost of Goods Sold,DIRECTCOSTS,EXPENSE,21.74,INPUT2
2026-05-13,ACCPAY bill,ed76e87d-7296-4ff9-bb7c-334f595a6619,RRG Huddersfield,---,310,Cost of Goods Sold,DIRECTCOSTS,EXPENSE,48.98,INPUT2
2026-06-24,ACCPAY bill,edc1cb24-d1ca-4ad8-94e0-9ca14cfb9bca,Napa Auto Parts,---,310,Cost of Goods Sold,DIRECTCOSTS,EXPENSE,30.74,INPUT2
2026-05-22,ACCPAY bill,ee015cc2-e901-4894-8535-a7b3ab01829d,Napa Auto Parts,---,310,Cost of Goods Sold,DIRECTCOSTS,EXPENSE,6.6,INPUT2
2026-05-22,ACCPAY bill,ee015cc2-e901-4894-8535-a7b3ab01829d,Napa Auto Parts,---,310,Cost of Goods Sold,DIRECTCOSTS,EXPENSE,0.01,ZERORATEDINPUT
2026-06-15,ACCPAY bill,ef08bf13-ba46-4a17-a890-e2385a4c478a,Napa Auto Parts,---,310,Cost of Goods Sold,DIRECTCOSTS,EXPENSE,167.75,INPUT2
2026-06-15,ACCPAY bill,ef08bf13-ba46-4a17-a890-e2385a4c478a,Napa Auto Parts,---,310,Cost of Goods Sold,DIRECTCOSTS,EXPENSE,0.02,ZERORATEDINPUT
2026-06-02,ACCPAY bill,f11a9635-cdf9-4420-8079-6eb8963efa4c,Napa Auto Parts,---,310,Cost of Goods Sold,DIRECTCOSTS,EXPENSE,13.58,INPUT2
2026-05-13,ACCPAY bill,f1bc0971-f83b-470b-984b-19a8073e8a8f,Perrys Motor Sales,---,310,Cost of Goods Sold,DIRECTCOSTS,EXPENSE,85.3,INPUT2
2026-05-13,ACCPAY bill,f1bc0971-f83b-470b-984b-19a8073e8a8f,Perrys Motor Sales,---,310,Cost of Goods Sold,DIRECTCOSTS,EXPENSE,0.02,ZERORATEDINPUT
2026-06-03,ACCPAY bill,f1c5a689-94f1-4d0f-b06c-de658e8f1a1b,Napa Auto Parts,---,310,Cost of Goods Sold,DIRECTCOSTS,EXPENSE,141,INPUT2
2026-06-16,ACCPAY bill,f465cb24-e701-44d1-b48f-ec8dbe10fef6,Napa Auto Parts,---,310,Cost of Goods Sold,DIRECTCOSTS,EXPENSE,10.75,INPUT2
2026-06-16,ACCPAY bill,f465cb24-e701-44d1-b48f-ec8dbe10fef6,Napa Auto Parts,---,310,Cost of Goods Sold,DIRECTCOSTS,EXPENSE,0.01,ZERORATEDINPUT
2026-02-16,ACCPAY bill,f52d0128-eb67-41a3-90da-a86e7b31ab56,Stapletons Tyre Services,---,310,Cost of Goods Sold,DIRECTCOSTS,EXPENSE,51.95,INPUT2
2026-06-11,ACCPAY bill,f54014a3-d5ae-4441-8aba-0a31870016a5,Napa Auto Parts,---,310,Cost of Goods Sold,DIRECTCOSTS,EXPENSE,62.85,INPUT2
2026-06-11,ACCPAY bill,f58d805f-2f48-45e4-8cc0-09c0f57bd672,Napa Auto Parts,---,310,Cost of Goods Sold,DIRECTCOSTS,EXPENSE,18.65,INPUT2
2026-06-11,ACCPAY bill,f58d805f-2f48-45e4-8cc0-09c0f57bd672,Napa Auto Parts,---,310,Cost of Goods Sold,DIRECTCOSTS,EXPENSE,0.01,ZERORATEDINPUT
2026-06-09,ACCPAY bill,f5c815ca-7d45-44ef-ae52-6f5bcca2466e,Napa Auto Parts,---,310,Cost of Goods Sold,DIRECTCOSTS,EXPENSE,60.94,INPUT2
2026-05-19,ACCPAY bill,f6b8ede9-3d4f-41e0-a332-217637e8ea4b,AZ Motor Spares,---,310,Cost of Goods Sold,DIRECTCOSTS,EXPENSE,37.5,INPUT2
2026-04-02,ACCPAY bill,f6be6a33-cb68-4a07-a7fd-6a4c8946a91b,BANOZE TYRES WHOLESALE,---,310,Cost of Goods Sold,DIRECTCOSTS,EXPENSE,36.7,INPUT2
2026-06-24,ACCPAY bill,f7797051-f141-4b60-8acb-7f9473784e87,Napa Auto Parts,---,310,Cost of Goods Sold,DIRECTCOSTS,EXPENSE,30.64,INPUT2
2026-06-24,ACCPAY bill,f785990d-1974-4d4e-a328-9aff0a51ce21,Napa Auto Parts,---,310,Cost of Goods Sold,DIRECTCOSTS,EXPENSE,51.44,INPUT2
2026-05-27,ACCPAY bill,f899cfd3-59b7-42ac-89d4-34051515f2a6,Napa Auto Parts,---,310,Cost of Goods Sold,DIRECTCOSTS,EXPENSE,13.69,INPUT2
2026-05-26,ACCPAY bill,fb615a8b-751b-42cb-9f96-9812929c1465,Napa Auto Parts,---,310,Cost of Goods Sold,DIRECTCOSTS,EXPENSE,8.38,INPUT2
2026-04-06,ACCPAY bill,fc5db123-ea14-43d3-964c-50b3128b5e9c,BANOZE TYRES WHOLESALE,---,310,Cost of Goods Sold,DIRECTCOSTS,EXPENSE,17.64,INPUT2
2026-04-04,ACCPAY bill,fdb43319-ad36-4098-956f-ac6372e10659,AZ Motor Spares,---,310,Cost of Goods Sold,DIRECTCOSTS,EXPENSE,105,INPUT2
2026-01-14,ACCPAY bill,fe63bdad-14c8-474b-b57c-c176a15ac68f,BANOZE TYRES WHOLESALE,---,310,Cost of Goods Sold,DIRECTCOSTS,EXPENSE,16,INPUT2
2026-06-26,ACCPAY bill,fe71ab3f-cfac-418f-ad22-1ae45305f0f9,Napa Auto Parts,---,310,Cost of Goods Sold,DIRECTCOSTS,EXPENSE,52.75,INPUT2
2026-06-26,ACCPAY bill,fe71ab3f-cfac-418f-ad22-1ae45305f0f9,Napa Auto Parts,---,310,Cost of Goods Sold,DIRECTCOSTS,EXPENSE,0.01,ZERORATEDINPUT
2026-02-23,ACCPAY bill,ffb112e3-bb51-40d9-97f5-d8c21275437a,BANOZE TYRES WHOLESALE,---,310,Cost of Goods Sold,DIRECTCOSTS,EXPENSE,34.5,INPUT2
2026-02-02,SPEND bank txn,007fc58a-d9ad-4a95-9983-a684d7559822,DVLA-FR13BNX,DVLA-FR13BNX ref: ,325,Direct Expenses,DIRECTCOSTS,EXPENSE,18.84,NONE
2026-04-27,SPEND bank txn,00f2c6d0-0970-4300-b4bd-bab09ffd41d2,REECE RILEY,Reece Riley ref: ,814,Wages Payable - Payroll,CURRLIAB,LIABILITY,800,NONE
2025-11-17,SPEND bank txn,011e6b0b-5400-4548-a95a-ae47eb9d818c,CAPIFY,CAPIFY ref: ,864,CAPIFY UK LLC,TERMLIAB,LIABILITY,49.16,NONE
2026-02-16,SPEND bank txn,012bdc20-8f5b-40af-a4bb-96834c594193,SCOTT FILL,Scott Fill ref: ,814,Wages Payable - Payroll,CURRLIAB,LIABILITY,200,NONE
2026-02-05,SPEND bank txn,01cf196f-b40c-42cc-9d0b-f6131a64c0b7,PROREMAPS,"PROREMAPS.CO.UK - Unit 4, Whitacre Industrial Park Whitacre Str, HUDDERSFIELD",310,Cost of Goods Sold,DIRECTCOSTS,EXPENSE,74.16,INPUT2
2026-03-18,SPEND bank txn,02b9a54a-5297-45d3-9bf7-72f5cbb72b4d,CAPIFY,CAPIFY ref: ,864,CAPIFY UK LLC,TERMLIAB,LIABILITY,49.16,NONE
2025-11-06,SPEND bank txn,02d563ad-c514-4ae3-afa2-28c7d1d88b82,Youlend,YOULEND ref: ,900,You Lend Loan,TERMLIAB,LIABILITY,78.88,NONE
2025-12-01,SPEND bank txn,02fc529c-fc0d-461a-a40c-14b2a98a02f3,Youlend,YOULEND ref: ,900,You Lend Loan,TERMLIAB,LIABILITY,78.88,NONE
2026-02-13,SPEND bank txn,03b75a06-be62-4356-bd8f-55719f65329d,Youlend,YOULEND ref: ,900,You Lend Loan,TERMLIAB,LIABILITY,78.88,NONE
2026-03-13,SPEND bank txn,040fb7a5-1c31-4e81-92fb-729d42aa7562,Youlend,YOULEND ref: ,900,You Lend Loan,TERMLIAB,LIABILITY,78.88,NONE
2025-11-28,SPEND bank txn,04e1135b-a1de-4c68-bade-a962778bbc41,Youlend,YOULEND ref: ,900,You Lend Loan,TERMLIAB,LIABILITY,78.88,NONE
2025-12-18,SPEND bank txn,051ac509-b6e9-4925-8eb3-ef902dbf9b1c,CAPIFY,CAPIFY ref: ,864,CAPIFY UK LLC,TERMLIAB,LIABILITY,49.16,NONE
2025-12-28,SPEND bank txn,054a0358-c517-4a15-a889-ec012790e49f,SCOTT FILL,Scott Fill ref: ,814,Wages Payable - Payroll,CURRLIAB,LIABILITY,500,NONE
2025-12-09,SPEND bank txn,058b9cd4-3226-4fed-ab51-0f02dba4c01c,Alfie Farris,,905,Unallocated fund,CURRENT,ASSET,3000,NONE
2025-11-10,SPEND bank txn,05d7dfbb-cd1d-4c14-8010-bb6e3bc9dd39,CAPIFY,CAPIFY ref: ,864,CAPIFY UK LLC,TERMLIAB,LIABILITY,49.16,NONE
2025-11-06,SPEND bank txn,066f2d4e-2dc4-4c78-aa00-a85ce9fdb439,Credit Flex,CREDIT_FLEX_FASANARA_COLLECTIONS,912,Credit Flex - 827.08,CURRLIAB,LIABILITY,224.11,NONE
2025-12-06,SPEND bank txn,0701a22c-5125-41df-b940-61d870c1c094,Forward security services ltd,Forward security services ltd ref: ,485,Subscriptions,OVERHEADS,EXPENSE,150,INPUT2
2026-01-09,SPEND bank txn,0725506c-b257-48c4-92af-5ad91c30b556,CAPIFY,CAPIFY ref: ,864,CAPIFY UK LLC,TERMLIAB,LIABILITY,49.16,NONE
2025-12-11,SPEND bank txn,076085fc-0c89-4f1d-b751-d11d37dcd2c8,SCOTT FILL,Scott Fill ref: ,814,Wages Payable - Payroll,CURRLIAB,LIABILITY,200,NONE
2026-04-15,SPEND bank txn,07f3df4c-90f5-46c4-85aa-5df5b3d13d1f,dvsa,,325,Direct Expenses,DIRECTCOSTS,EXPENSE,102.5,NONE
2026-01-27,SPEND bank txn,080277ba-e3d2-4f17-9415-d980f2256948,Youlend,YOULEND ref: ,900,You Lend Loan,TERMLIAB,LIABILITY,78.88,NONE
2026-01-14,SPEND bank txn,084df96f-3100-4aaa-9f11-cb01f6d5cdda,SCOTT FILL,Scott Fill ref: ,814,Wages Payable - Payroll,CURRLIAB,LIABILITY,400,NONE
2025-12-31,SPEND bank txn,08851b9b-f585-4f59-8b87-35fbebc1f0a7,CAPIFY,CAPIFY ref: ,864,CAPIFY UK LLC,TERMLIAB,LIABILITY,49.16,NONE
2026-01-02,SPEND bank txn,098e93ae-2d8e-4a22-ab17-fbca014810b2,DAWN ROUND,Dawn Round ref: ,325,Direct Expenses,DIRECTCOSTS,EXPENSE,500,NONE
2025-11-19,SPEND bank txn,09c231a6-10f3-4452-8d2e-f2f312991947,EMS,EMS ref: ,485,Subscriptions,OVERHEADS,EXPENSE,53,INPUT2
2025-11-11,SPEND bank txn,0a44c69b-e3fd-4703-b06a-1c09458a1796,Youlend,YOULEND ref: ,900,You Lend Loan,TERMLIAB,LIABILITY,78.88,NONE
2026-02-05,SPEND bank txn,0a5d38ff-4ec5-4270-af06-d66788031860,KMC,Loan Repayments Pending Documentation from Client,904,KMC,CURRLIAB,LIABILITY,650,NONE
2026-04-30,SPEND bank txn,0ace2b9a-db04-44bb-9119-a7e58d63b21f,Youlend,YOULEND ref: ,900,You Lend Loan,TERMLIAB,LIABILITY,78.88,NONE
2025-12-18,SPEND bank txn,0af91aa2-a0e6-40b0-91f6-26e543cfcbce,Youlend,YOULEND ref: ,900,You Lend Loan,TERMLIAB,LIABILITY,78.88,NONE
2026-02-25,SPEND bank txn,0b4a1d33-7f34-4d26-ae9a-76411565a0cd,Amazon,"AMZNMktplace*Z33UX91D4 - 1 Principal Pl, Worship St, LONDON",310,Cost of Goods Sold,DIRECTCOSTS,EXPENSE,33.27,INPUT2
2026-04-21,SPEND bank txn,0bc4bd99-5d83-48f0-a659-c9d0ebd8e317,CAPIFY,CAPIFY ref: ,864,CAPIFY UK LLC,TERMLIAB,LIABILITY,74.16,NONE
2026-01-07,SPEND bank txn,0bd00ef1-ed26-459e-b5b6-04b601aa4dc1,Youlend,YOULEND ref: ,900,You Lend Loan,TERMLIAB,LIABILITY,78.88,NONE
2026-01-24,SPEND bank txn,0c2355e7-013c-4657-a209-2601b4a97e00,PROREMAPS,"PROREMAPS.CO.UK - Unit 4, Whitacre Industrial Park Whitacre Str, HUDDERSFIELD",310,Cost of Goods Sold,DIRECTCOSTS,EXPENSE,74.16,INPUT2
2026-02-11,SPEND bank txn,0c411630-3a33-4fcc-9b26-964799229a1d,CAPIFY,CAPIFY ref: ,864,CAPIFY UK LLC,TERMLIAB,LIABILITY,49.16,NONE
2026-01-02,SPEND bank txn,0c807f0a-85a2-40e3-8f16-04594ba08a81,Youlend,YOULEND ref: ,900,You Lend Loan,TERMLIAB,LIABILITY,78.88,NONE
2025-11-03,SPEND bank txn,0cd1e436-1104-487a-9e21-3e14b9c3c93b,MORE THAN ACCOUNT,MORE THAN ACCOUNT ref: ,401,Audit & Accountancy fees,OVERHEADS,EXPENSE,760.8,INPUT2
2026-04-13,SPEND bank txn,0d63330d-5450-471d-80cd-a1b2763d11d1,Youlend,YOULEND ref: ,900,You Lend Loan,TERMLIAB,LIABILITY,78.88,NONE
2026-03-19,SPEND bank txn,0d69298a-58ce-4fe0-90de-fa1e7cb17ce8,Youlend,YOULEND ref: ,900,You Lend Loan,TERMLIAB,LIABILITY,78.88,NONE
2025-12-17,SPEND bank txn,0d99dc02-9987-4c9a-b866-b76a34124c8f,Youlend,YOULEND ref: ,900,You Lend Loan,TERMLIAB,LIABILITY,78.88,NONE
2026-02-10,SPEND bank txn,0d9a5399-5240-4cc9-9d94-0c4d6cb8ea0c,CAPIFY,CAPIFY ref: ,864,CAPIFY UK LLC,TERMLIAB,LIABILITY,49.16,NONE
2026-01-05,SPEND bank txn,0dea1651-a470-42e1-b9a1-99f8b3cb5c99,KMC,Loan Repayments Pending Documentation from Client,904,KMC,CURRLIAB,LIABILITY,650,NONE
2026-01-02,SPEND bank txn,0e3a3e7f-ff1a-46f8-980c-9bdccf8af096,Youlend,YOULEND ref: ,900,You Lend Loan,TERMLIAB,LIABILITY,78.88,NONE
2026-03-20,SPEND bank txn,0eed62f0-9a71-434e-89df-3133cf11197d,Perrys Motor Sales,,310,Cost of Goods Sold,DIRECTCOSTS,EXPENSE,460.08,INPUT2
2026-01-26,SPEND bank txn,0f51e1e6-6cc9-4d5d-9911-69eecbb146b5,Youlend,YOULEND ref: ,900,You Lend Loan,TERMLIAB,LIABILITY,78.88,NONE
2026-02-05,SPEND bank txn,0fdea6c8-04f1-4512-a317-4dd78e12968e,CAPIFY,CAPIFY ref: ,864,CAPIFY UK LLC,TERMLIAB,LIABILITY,49.16,NONE
2026-06-26,SPEND bank txn,111d48d5-188f-4f85-8769-87b0af321c34,Credit Flex,CREDIT_FLEX_FASANARA_COLLECTIONS,921,Credit Flex 3500,CURRLIAB,LIABILITY,39.96,NONE
2025-11-06,SPEND bank txn,117d9ae1-834c-4f7a-8295-bfd8cf3c496a,A-Z Motor Spares,"A-Z Motor Spares Ltd - A-Z Motor Spares Ltd Old Fieldhouse Lane, Huddersfield",310,Cost of Goods Sold,DIRECTCOSTS,EXPENSE,187.99,INPUT2
2025-11-13,SPEND bank txn,11f29760-3637-468b-80aa-3207db609415,CLEARBUSINESS,Subscription for payments solution provider ,485,Subscriptions,OVERHEADS,EXPENSE,18,INPUT2
2026-02-25,SPEND bank txn,122df8f0-1973-4b59-9e3e-af1eada9b401,CAPIFY,CAPIFY ref: ,864,CAPIFY UK LLC,TERMLIAB,LIABILITY,49.16,NONE
2026-02-11,SPEND bank txn,1247e20c-0ec9-445f-a022-d1c9152dec99,CAPITAL ON TAP,CAPITAL ON TAP ref: ,835,Directors' Loan Account,CURRLIAB,LIABILITY,1398.42,NONE
2025-12-04,SPEND bank txn,1280c59f-eca2-4407-978e-a1a4b92b1cea,CAPIFY,CAPIFY ref: ,864,CAPIFY UK LLC,TERMLIAB,LIABILITY,49.16,NONE
2025-12-22,SPEND bank txn,1296fb85-1e47-47f8-a449-66bfaa096b12,SCOTT FILL,Scott Fill ref: ,814,Wages Payable - Payroll,CURRLIAB,LIABILITY,300,NONE
2026-01-24,SPEND bank txn,135e2fa1-5efe-4e26-a549-89dd28c7a8c6,DEBT & REVENUE SERVICE,,825,PAYE Payable,CURRLIAB,LIABILITY,500,NONE
2025-11-10,SPEND bank txn,138e01f4-bfdb-45e0-8ccd-390f6a476b47,Forward security services ltd,Forward security services ltd ref: ,485,Subscriptions,OVERHEADS,EXPENSE,150,INPUT2
2026-04-24,SPEND bank txn,13a62d95-dff6-4610-b2d8-030cf43c6e79,CAPIFY,CAPIFY ref: ,864,CAPIFY UK LLC,TERMLIAB,LIABILITY,49.16,NONE
2026-04-11,SPEND bank txn,13e18b8c-0c72-4adb-9906-93492a670ec0,MOT MANAGER,,485,Subscriptions,OVERHEADS,EXPENSE,150,INPUT2
2025-11-07,SPEND bank txn,145ae263-c753-4f1f-88b7-a87d83901da2,Ebay,"eBay O*11-13379-61411 - 1 MORE LONDON PLACE, INTERNET",310,Cost of Goods Sold,DIRECTCOSTS,EXPENSE,25.02,INPUT2
2026-02-26,SPEND bank txn,14ff2f06-2963-4de1-bd50-9e08837b4c04,Youlend,YOULEND ref: ,900,You Lend Loan,TERMLIAB,LIABILITY,78.88,NONE
2025-11-10,SPEND bank txn,151f08bc-0a98-406c-9635-d5057526a93a,HAYDEN FILL,HAYDEN FILL ref: ,325,Direct Expenses,DIRECTCOSTS,EXPENSE,145,NONE
2025-11-18,SPEND bank txn,1522bffc-5ee8-4b33-a1a3-08c26c825fc7,PROREMAPS,"PROREMAPS.CO.UK - Unit 4, Whitacre Industrial Park Whitacre Str, HUDDERSFIELD",310,Cost of Goods Sold,DIRECTCOSTS,EXPENSE,74.16,INPUT2
2025-12-10,SPEND bank txn,1659f8c5-294e-4a6e-8caa-350dbb3743c3,MYPOS,,485,Subscriptions,OVERHEADS,EXPENSE,24,NONE
2026-02-18,SPEND bank txn,16c8068f-4dce-43b2-8cb3-d334ac675cb0,CAPIFY,CAPIFY ref: ,864,CAPIFY UK LLC,TERMLIAB,LIABILITY,49.16,NONE
2026-02-28,SPEND bank txn,17117132-8af2-4a0c-acea-d2c6a6b08b83,Credit Flex,CREDIT_FLEX_FASANARA_COLLECTIONS,914,Credit Flex 1530.15,CURRLIAB,LIABILITY,414.61,NONE
2025-12-03,SPEND bank txn,17cc95cd-c714-4ca8-bd09-c79f7e013f7c,Youlend,YOULEND ref: ,900,You Lend Loan,TERMLIAB,LIABILITY,78.88,NONE
2025-11-21,SPEND bank txn,1811ee2f-072c-4824-a25d-0f720b91842c,PROREMAPS,"PROREMAPS.CO.UK - Unit 4, Whitacre Industrial Park Whitacre Str, HUDDERSFIELD",310,Cost of Goods Sold,DIRECTCOSTS,EXPENSE,74.16,INPUT2
2026-01-09,SPEND bank txn,18406526-300c-4867-b944-c67bcfc6500b,Forward security services ltd,Forward security services ltd ref: ,485,Subscriptions,OVERHEADS,EXPENSE,150,INPUT2
2025-12-05,SPEND bank txn,184b9a2c-d181-4d9b-90f3-d16bca654978,KMC,Loan Repayments Pending Documentation from Client,904,KMC,CURRLIAB,LIABILITY,650,NONE
2026-04-26,SPEND bank txn,1853e4ed-3db6-494b-881f-ee9f0e4f3780,Ebay,"eBay O*03-13345-59133 - 1 MORE LONDON PLACE, INTERNET",310,Cost of Goods Sold,DIRECTCOSTS,EXPENSE,53.88,INPUT2
2025-12-12,SPEND bank txn,18653de1-5b74-4e24-ac17-671cdf7d76e1,BANOZE TYRES WHOLESALE,VAT No: GB247160514,310,Cost of Goods Sold,DIRECTCOSTS,EXPENSE,53.76,INPUT2
2026-03-22,SPEND bank txn,187becd3-dace-4a66-b47b-014334b2eaf2,Credit Flex,CREDIT_FLEX_FASANARA_COLLECTIONS,915,Credit Flex 1650,CURRLIAB,LIABILITY,307.62,NONE
2026-01-14,SPEND bank txn,18e21000-66ab-40d9-b787-56f0f635cf42,Youlend,YOULEND ref: ,900,You Lend Loan,TERMLIAB,LIABILITY,78.88,NONE
2026-01-05,SPEND bank txn,190c0648-3553-4b4d-8559-8440b1e8c51c,MARKETPLACE MERCHA,MARKETPLACE MERCHA ref: ,400,Advertising & Marketing,OVERHEADS,EXPENSE,36,NONE
2026-04-22,SPEND bank txn,1957458c-5c4c-4f74-b419-eda66a484dcc,BOOKMYGARAGE,,310,Cost of Goods Sold,DIRECTCOSTS,EXPENSE,24,NONE
2025-12-05,SPEND bank txn,19b947fc-b3f7-4b13-a5a5-4390519a138c,Youlend,YOULEND ref: ,900,You Lend Loan,TERMLIAB,LIABILITY,78.88,NONE
2026-01-10,SPEND bank txn,1a8bdb09-1e25-4007-908a-a2d0bfeb8a24,SCOTT FILL,Scott Fill ref: ,814,Wages Payable - Payroll,CURRLIAB,LIABILITY,250,NONE
2026-02-17,SPEND bank txn,1aad06d4-cd01-419d-82f2-33fe8c6ed807,Credit Flex,CREDIT_FLEX_FASANARA_COLLECTIONS,922,Credit Flex 850,CURRLIAB,LIABILITY,158.47,NONE
2026-04-24,SPEND bank txn,1aea5210-beae-46c7-9e8a-35e6d6a5ff14,Youlend,YOULEND ref: ,900,You Lend Loan,TERMLIAB,LIABILITY,78.88,NONE
2025-11-01,SPEND bank txn,1b29951f-6353-4b38-bf51-b54669cd2406,Amazon,"AMZNMktplace*CD1GM97D5 - 1 Principal Pl, Worship St, LONDON",310,Cost of Goods Sold,DIRECTCOSTS,EXPENSE,53.68,INPUT2
2026-04-29,SPEND bank txn,1b5775d2-ef14-48df-b60e-51b3f5b1b87a,CAPIFY,CAPIFY ref: ,864,CAPIFY UK LLC,TERMLIAB,LIABILITY,49.16,NONE
2025-11-17,SPEND bank txn,1c38881f-2dc9-461f-baa1-ca5a20cea94c,Youlend,YOULEND ref: ,900,You Lend Loan,TERMLIAB,LIABILITY,78.88,NONE
2026-01-23,SPEND bank txn,1c4d3738-019a-4f01-9efc-8f99419c611f,dvsa,,325,Direct Expenses,DIRECTCOSTS,EXPENSE,102.5,NONE
2026-04-17,SPEND bank txn,1c6e929a-ad50-4097-9e4a-c95b61f3f1d2,Youlend,YOULEND ref: ,900,You Lend Loan,TERMLIAB,LIABILITY,78.88,NONE
2026-04-27,SPEND bank txn,1d8707ec-1075-48a6-98f1-6ab37b9ca212,BIFFA WASTE SERVIC,BIFFA WASTE SERVIC ref: ,408,Cleaning,OVERHEADS,EXPENSE,126.34,INPUT2
2025-11-24,SPEND bank txn,1d9c2618-5551-4fe4-b48a-63de11302a62,CAPIFY,CAPIFY ref: ,864,CAPIFY UK LLC,TERMLIAB,LIABILITY,49.16,NONE
2026-01-19,SPEND bank txn,1dc0854d-bcde-40de-9034-36c360134578,Amazon,"AMZNMktplace*Z33UX91D4 - 1 Principal Pl, Worship St, LONDON",310,Cost of Goods Sold,DIRECTCOSTS,EXPENSE,33.27,INPUT2
2025-12-05,SPEND bank txn,1e58c8a3-3d9b-4665-8f03-96509d9015f2,CAPIFY,CAPIFY ref: ,864,CAPIFY UK LLC,TERMLIAB,LIABILITY,49.16,NONE
2025-12-10,SPEND bank txn,1eb88c29-221d-41d7-bd63-e880df995eb1,Youlend,YOULEND ref: ,900,You Lend Loan,TERMLIAB,LIABILITY,78.88,NONE
2026-04-22,SPEND bank txn,1ef4b946-454e-4eda-bdbe-f79aadcc4d79,Youlend,YOULEND ref: ,900,You Lend Loan,TERMLIAB,LIABILITY,78.88,NONE
2026-03-09,SPEND bank txn,1fadbcde-624c-462a-b0bd-149d9e6ae48d,BOOKMYGARAGE,,310,Cost of Goods Sold,DIRECTCOSTS,EXPENSE,24,NONE
2026-02-04,SPEND bank txn,1fd6109b-0649-42e4-bcb0-3123ea44083e,CAPIFY,CAPIFY ref: ,864,CAPIFY UK LLC,TERMLIAB,LIABILITY,49.16,NONE
2026-05-22,SPEND bank txn,20066d46-b141-434b-831b-8ca0e21272df,Credit Flex,CREDIT_FLEX_FASANARA_COLLECTIONS,915,Credit Flex 1650,CURRLIAB,LIABILITY,307.62,NONE
2026-02-02,SPEND bank txn,204222b3-ddd8-4b5f-927c-4e336849d1e8,DVLA-VN08LZK,DVLA-VN08LZK ref: ,325,Direct Expenses,DIRECTCOSTS,EXPENSE,22.31,NONE
2026-01-09,SPEND bank txn,20515891-6895-450d-9b1a-0d6a54f3c43c,SARAH SCHOFIELd,Sarah Schofield ref: ,310,Cost of Goods Sold,DIRECTCOSTS,EXPENSE,380,INPUT2
2026-04-13,SPEND bank txn,20b271e1-96bf-4cd0-a7b1-05580063c24f,BOOKMYGARAGE,,310,Cost of Goods Sold,DIRECTCOSTS,EXPENSE,24,NONE
2026-03-20,SPEND bank txn,2101a721-2a69-42d2-bb32-66e72376cf51,CAPIFY,CAPIFY ref: ,864,CAPIFY UK LLC,TERMLIAB,LIABILITY,49.16,NONE
2026-02-26,SPEND bank txn,22567c14-5255-4b0f-a5cc-6971e80ce385,Mr R A Billings,Mr R A Billings ref: ,835,Directors' Loan Account,CURRLIAB,LIABILITY,500,NONE
2026-01-15,SPEND bank txn,236f0a46-26b6-4e21-af77-eb0de172f5fa,CAPIFY,CAPIFY ref: ,864,CAPIFY UK LLC,TERMLIAB,LIABILITY,49.16,NONE
2026-04-15,SPEND bank txn,23803651-1b52-43bd-b31f-2e1338bd4eb2,CLEARBUSINESS,Subscription for payments solution provider ,485,Subscriptions,OVERHEADS,EXPENSE,18,INPUT2
2025-12-17,SPEND bank txn,238ba759-1fcc-4cfb-83c3-dcb5441c9cf1,CAPIFY,CAPIFY ref: ,864,CAPIFY UK LLC,TERMLIAB,LIABILITY,49.16,NONE
2026-02-02,SPEND bank txn,23ce7fad-b13d-458d-85f2-ecdec87d87e8,DAWN ROUND,Dawn Round ref: ,325,Direct Expenses,DIRECTCOSTS,EXPENSE,500,NONE
2026-02-25,SPEND bank txn,2444acfb-1a87-40a2-b6e2-83d41a1a2afd,PROREMAPS,"PROREMAPS.CO.UK - Unit 4, Whitacre Industrial Park Whitacre Str, HUDDERSFIELD",310,Cost of Goods Sold,DIRECTCOSTS,EXPENSE,74.16,INPUT2
2025-11-03,SPEND bank txn,24c8ea14-4c3b-4418-953a-0586282d163a,DVLA-FR13BNX,DVLA-FR13BNX ref: ,325,Direct Expenses,DIRECTCOSTS,EXPENSE,18.37,NONE
2025-12-02,SPEND bank txn,24e744e1-0fe7-4afe-a0c7-0de0f3ec35ed,dvsa,,325,Direct Expenses,DIRECTCOSTS,EXPENSE,102.5,NONE
2026-02-06,SPEND bank txn,24fc8950-caab-4a66-b1f8-a775ec060975,Credit Flex,CREDIT_FLEX_FASANARA_COLLECTIONS,912,Credit Flex - 827.08,CURRLIAB,LIABILITY,224.78,NONE
2025-11-03,SPEND bank txn,2585c99f-8d11-4ef2-982a-c2ab7f0b318c,Iwoca,"WWW.IWOCA.CO.UK - Central Court 25 Southampton Buildings C/O Ci, LONDON",901,IWOCA Loan,TERMLIAB,LIABILITY,827.08,NONE
2026-03-05,SPEND bank txn,258d6df2-987f-4dff-8fce-8add07530f52,Youlend,YOULEND ref: ,900,You Lend Loan,TERMLIAB,LIABILITY,78.88,NONE
2025-11-28,SPEND bank txn,264b11d1-b5f0-4eeb-9f79-4d7653d75702,Mr R A Billings,Mr R A Billings ref: ,835,Directors' Loan Account,CURRLIAB,LIABILITY,500,NONE
2026-02-09,SPEND bank txn,273c194e-420b-4eeb-85ba-915c096cd9f9,CAPIFY,CAPIFY ref: ,864,CAPIFY UK LLC,TERMLIAB,LIABILITY,49.16,NONE
2026-04-01,SPEND bank txn,27be77dc-2734-49fc-9a1e-eafe29fe8587,Youlend,YOULEND ref: ,900,You Lend Loan,TERMLIAB,LIABILITY,78.88,NONE
2026-04-07,SPEND bank txn,28d4a38c-afb7-4a96-a606-20c76f1153f5,Credit Flex,CREDIT_FLEX_FASANARA_COLLECTIONS,919,Credit Flex 950,CURRLIAB,LIABILITY,16.81,NONE
2026-01-15,SPEND bank txn,28f47410-e5ad-4cc0-b944-91a720df0c02,PROREMAPS,"PROREMAPS.CO.UK - Unit 4, Whitacre Industrial Park Whitacre Str, HUDDERSFIELD",310,Cost of Goods Sold,DIRECTCOSTS,EXPENSE,74.16,INPUT2
2025-12-02,SPEND bank txn,2913b856-0031-4a3c-b007-24937e9f731b,MARKETPLACE MERCHA,MARKETPLACE MERCHA ref: ,400,Advertising & Marketing,OVERHEADS,EXPENSE,36,NONE
2025-11-20,SPEND bank txn,29873e54-2237-4ffc-abc6-a957601ecc87,Youlend,YOULEND ref: ,900,You Lend Loan,TERMLIAB,LIABILITY,78.88,NONE
2026-04-02,SPEND bank txn,29fb78e3-c89e-4343-9e7f-f233239b9b4b,DAWN ROUND,Dawn Round ref: ,325,Direct Expenses,DIRECTCOSTS,EXPENSE,500,NONE
2025-12-03,SPEND bank txn,2b2c2457-510e-4d80-a6c4-6bc06cf51bd3,Iwoca,"WWW.IWOCA.CO.UK - Central Court 25 Southampton Buildings C/O Ci, LONDON",901,IWOCA Loan,TERMLIAB,LIABILITY,827.08,NONE
2026-03-11,SPEND bank txn,2c860ce8-fa09-4bbc-9e68-2268be9fd098,CAPIFY,CAPIFY ref: ,864,CAPIFY UK LLC,TERMLIAB,LIABILITY,49.16,NONE
2025-12-11,SPEND bank txn,2d37b70f-60ae-46bd-8049-53bb1d983708,Greno Garage & Engineering Ltd,,310,Cost of Goods Sold,DIRECTCOSTS,EXPENSE,144,NONE
2026-01-22,SPEND bank txn,2d8d02bd-e89f-4559-84d3-24dddfcfea4d,Credit Flex,CREDIT_FLEX_FASANARA_COLLECTIONS,915,Credit Flex 1650,CURRLIAB,LIABILITY,307.62,NONE
2026-01-14,SPEND bank txn,2da0ca01-8253-49a9-adcc-2bf9ab83b6d1,CLEARBUSINESS,Subscription for payments solution provider ,485,Subscriptions,OVERHEADS,EXPENSE,18,INPUT2
2026-01-02,SPEND bank txn,2e34d949-924e-47a7-a572-b72feb2b9131,DVLA-N15NAH,DVLA-N15NAH ref: ,325,Direct Expenses,DIRECTCOSTS,EXPENSE,22.31,NONE
2026-03-02,SPEND bank txn,2e877eef-62a4-462d-98e9-a10f01929c4f,DAWN ROUND,Dawn Round ref: ,325,Direct Expenses,DIRECTCOSTS,EXPENSE,500,NONE
2026-04-21,SPEND bank txn,2ee5fa66-68e9-46f1-8d35-14ed94c8a984,ICONIC MEDIA,GB 343968563,400,Advertising & Marketing,OVERHEADS,EXPENSE,30,INPUT2
2026-04-21,SPEND bank txn,2f214f54-cddd-42b2-8a16-1148056b10eb,JOHNSONS WORKWEAR 1,VAT: GB825489105,492,Workwear,EXPENSE,EXPENSE,94.8,INPUT2
2025-11-21,SPEND bank txn,2f2791ff-5c71-4ae5-86b8-d424fa278f89,Youlend,YOULEND ref: ,900,You Lend Loan,TERMLIAB,LIABILITY,78.88,NONE
2025-11-03,SPEND bank txn,2f92aaa6-a3cf-460a-b8f8-dce7baff609d,Youlend,YOULEND ref: ,900,You Lend Loan,TERMLIAB,LIABILITY,78.88,NONE
2025-11-05,SPEND bank txn,2feaf521-ff1e-4264-9262-30e7b5ba7c70,KMC,Loan Repayments Pending Documentation from Client,904,KMC,CURRLIAB,LIABILITY,650,NONE
2025-11-03,SPEND bank txn,2fee9806-c6fe-4a10-b962-605489a3ed0a,Amazon,"AMZNMktplace*8H6N46D65 - 1 Principal Pl, Worship St, LONDON",310,Cost of Goods Sold,DIRECTCOSTS,EXPENSE,23.99,INPUT2
2025-12-22,SPEND bank txn,3060f90d-7a60-49eb-baf9-6706b4c2a6c9,BOOKMYGARAGE,,310,Cost of Goods Sold,DIRECTCOSTS,EXPENSE,24,NONE
2025-12-12,SPEND bank txn,3070a90d-7075-4212-bd76-70180818458b,GB PRINT & WEBSITE,,461,Printing & Stationery,OVERHEADS,EXPENSE,330,NONE
2026-02-17,SPEND bank txn,31358938-229e-48a8-81ac-d7274552fd01,Amazon,"AMZNMktplace*Z33UX91D4 - 1 Principal Pl, Worship St, LONDON",310,Cost of Goods Sold,DIRECTCOSTS,EXPENSE,23.99,INPUT2
2026-02-09,SPEND bank txn,313f2fff-6625-4f3a-833b-9e499ecd0e8a,Youlend,YOULEND ref: ,900,You Lend Loan,TERMLIAB,LIABILITY,78.88,NONE
2025-11-06,SPEND bank txn,31a9224a-0b39-44af-903d-fc6ed3e1eac4,CAPIFY,CAPIFY ref: ,864,CAPIFY UK LLC,TERMLIAB,LIABILITY,49.16,NONE
2026-04-20,SPEND bank txn,3233bed6-36d7-4ed7-b2d1-21daa36a01a7,Hassan Hasan,,325,Direct Expenses,DIRECTCOSTS,EXPENSE,110,NONE
2026-03-13,SPEND bank txn,33362445-02d2-4259-911c-b96fd2473cb5,PROREMAPS,"PROREMAPS.CO.UK - Unit 4, Whitacre Industrial Park Whitacre Str, HUDDERSFIELD",310,Cost of Goods Sold,DIRECTCOSTS,EXPENSE,74.16,INPUT2
2026-03-16,SPEND bank txn,335ca4ee-6da9-4f2f-855c-444fad15fbea,Ian W Bentley Bulk Transport Ltd,Utilities,469,Rent & Rates,OVERHEADS,EXPENSE,110.24,RRINPUT
2026-04-20,SPEND bank txn,33987c78-06a2-43d0-9cde-e97fdc95f26a,CAPIFY,CAPIFY ref: ,864,CAPIFY UK LLC,TERMLIAB,LIABILITY,49.16,NONE
2025-12-01,SPEND bank txn,34258391-d137-49d8-a019-e1cfaadeea5d,CAPIFY,CAPIFY ref: ,864,CAPIFY UK LLC,TERMLIAB,LIABILITY,49.16,NONE
2026-02-22,SPEND bank txn,34411d4d-3a2d-40aa-a09e-7fa80065eb4e,Credit Flex,CREDIT_FLEX_FASANARA_COLLECTIONS,915,Credit Flex 1650,CURRLIAB,LIABILITY,307.62,NONE
2026-01-15,SPEND bank txn,34ad6d8c-05e1-47e0-a626-06d391b73725,Amazon,"AMZNMktplace*Z33UX91D4 - 1 Principal Pl, Worship St, LONDON",310,Cost of Goods Sold,DIRECTCOSTS,EXPENSE,29.99,INPUT2
2026-04-01,SPEND bank txn,35e5ca30-b672-41b1-a0eb-6721344af722,DVLA-VN08LZK,DVLA-VN08LZK ref: ,325,Direct Expenses,DIRECTCOSTS,EXPENSE,23.18,NONE
2026-01-22,SPEND bank txn,35ed8c63-e459-4287-872d-c6a0f6a31d04,QUANTUM TUNING LTD,,310,Cost of Goods Sold,DIRECTCOSTS,EXPENSE,828,NONE
2025-12-09,SPEND bank txn,3661b931-b7f3-41ba-98c3-002586e63db9,SCOTT FILL,Scott Fill ref: ,814,Wages Payable - Payroll,CURRLIAB,LIABILITY,200,NONE
2026-03-17,SPEND bank txn,366ddca4-c0ee-423c-911d-c8771034e2f7,BOOKMYGARAGE,,310,Cost of Goods Sold,DIRECTCOSTS,EXPENSE,144,NONE
2026-04-09,SPEND bank txn,36ba5f33-c52a-44b3-ba32-719c3281a7d0,PROREMAPS,,310,Cost of Goods Sold,DIRECTCOSTS,EXPENSE,74.16,INPUT2
2026-04-08,SPEND bank txn,36cc28ef-fc7f-426e-9ca2-dca044cb666d,Credit Flex,CREDIT_FLEX_FASANARA_COLLECTIONS,918,Credit Flex 3800,CURRLIAB,LIABILITY,282.37,NONE
2026-02-27,SPEND bank txn,375ed0fb-c818-4780-b085-62117d62575c,REECE RILEY,Reece Riley ref: ,814,Wages Payable - Payroll,CURRLIAB,LIABILITY,1700.15,NONE
2026-01-23,SPEND bank txn,37cc14cc-f4cd-4182-b642-acc63742cde6,CAPIFY,CAPIFY ref: ,864,CAPIFY UK LLC,TERMLIAB,LIABILITY,49.16,NONE
2026-02-09,SPEND bank txn,38d711f6-d71b-4df3-a69b-654d5533ca64,BOOKMYGARAGE,,310,Cost of Goods Sold,DIRECTCOSTS,EXPENSE,24,NONE
2026-02-05,SPEND bank txn,3955d2f5-0d86-4daa-ad28-6cc968297d3c,PROREMAPS,"PROREMAPS.CO.UK - Unit 4, Whitacre Industrial Park Whitacre Str, HUDDERSFIELD",310,Cost of Goods Sold,DIRECTCOSTS,EXPENSE,74.16,INPUT2
2026-04-02,SPEND bank txn,39c26d50-fd79-45f9-b69e-b72a8a2e2ad8,Youlend,YOULEND ref: ,900,You Lend Loan,TERMLIAB,LIABILITY,78.88,NONE
2026-01-27,SPEND bank txn,39c65709-8729-45f2-83ec-9fbd0f2f5237,PROREMAPS,"PROREMAPS.CO.UK - Unit 4, Whitacre Industrial Park Whitacre Str, HUDDERSFIELD",310,Cost of Goods Sold,DIRECTCOSTS,EXPENSE,74.16,INPUT2
2025-11-25,SPEND bank txn,39dae585-95e4-44cf-9742-98ce29d3f27e,Youlend,YOULEND ref: ,900,You Lend Loan,TERMLIAB,LIABILITY,78.88,NONE
2026-01-21,SPEND bank txn,39e3de85-8daf-4aca-aafe-2b70998449e6,Amazon,"Amazon.co.uk*EY01E0VI5 - 1 Principal Place, Worship Str, LONDON",310,Cost of Goods Sold,DIRECTCOSTS,EXPENSE,26.25,INPUT2
2026-02-03,SPEND bank txn,3bcd6787-bc82-4ac2-b347-74f1edca352d,Youlend,YOULEND ref: ,900,You Lend Loan,TERMLIAB,LIABILITY,78.88,NONE
2025-11-13,SPEND bank txn,3c02fdc1-2839-4eef-9c7f-00a6c3124a29,CAPIFY,CAPIFY ref: ,864,CAPIFY UK LLC,TERMLIAB,LIABILITY,49.16,NONE
2026-01-05,SPEND bank txn,3c3a1a2c-eff3-4d46-b5ea-a82a420bb2bf,RETAIL MOTOR IND F,RETAIL MOTOR IND F ref: ,485,Subscriptions,OVERHEADS,EXPENSE,153.5,NONE
2025-11-10,SPEND bank txn,3caf39b8-16c0-4986-9e59-5a32620af1cd,MYPOS,,485,Subscriptions,OVERHEADS,EXPENSE,24,NONE
2026-03-19,SPEND bank txn,3ccdac20-c1e8-4c27-b08a-889b8cd5f4c6,CAPIFY,CAPIFY ref: ,864,CAPIFY UK LLC,TERMLIAB,LIABILITY,49.16,NONE
2026-01-02,SPEND bank txn,3ccfae17-b37f-4333-abf9-2ef726769ff5,SCOTT FILL,Scott Fill ref: ,814,Wages Payable - Payroll,CURRLIAB,LIABILITY,200,NONE
2026-02-02,SPEND bank txn,3ceb5f44-bf06-42e1-aa2e-43f2f06ad6da,DVLA-N15NAH,DVLA-N15NAH ref: ,325,Direct Expenses,DIRECTCOSTS,EXPENSE,22.31,NONE
2025-11-04,SPEND bank txn,3d4a6b60-8606-4636-bf38-ea1480564679,CAPIFY,CAPIFY ref: ,864,CAPIFY UK LLC,TERMLIAB,LIABILITY,49.16,NONE
2026-04-13,SPEND bank txn,3e1b0a07-f44f-4c97-b4d2-77ca82ae6470,CAPIFY,CAPIFY ref: ,864,CAPIFY UK LLC,TERMLIAB,LIABILITY,74.16,NONE
2026-03-03,SPEND bank txn,3ed199c6-4a33-4c8f-8be4-a95844f12aea,Credit Flex,CREDIT_FLEX_FASANARA_COLLECTIONS,917,Credit Flex 3000,CURRLIAB,LIABILITY,576.42,NONE
2026-04-17,SPEND bank txn,3ee64ab6-fe42-4031-9b8c-871d7a14d130,PROREMAPS,"PROREMAPS.CO.UK - Unit 4, Whitacre Industrial Park Whitacre Str, HUDDERSFIELD",310,Cost of Goods Sold,DIRECTCOSTS,EXPENSE,49.44,INPUT2
2026-04-22,SPEND bank txn,3eff62e5-3906-4819-bd8e-5818e4a3aef2,CAPIFY,CAPIFY ref: ,864,CAPIFY UK LLC,TERMLIAB,LIABILITY,122.49,NONE
2026-02-26,SPEND bank txn,3f7d5ebb-70ed-4380-b79f-ef3c777dce12,Credit Flex,CREDIT_FLEX_FASANARA_COLLECTIONS,921,Credit Flex 3500,CURRLIAB,LIABILITY,357.94,NONE
2026-03-05,SPEND bank txn,4010046d-0f81-4da1-abd4-4c9459a70a52,CAPIFY,CAPIFY ref: ,864,CAPIFY UK LLC,TERMLIAB,LIABILITY,49.16,NONE
2025-12-18,SPEND bank txn,405dda5a-3bff-4425-a804-b2578030ed26,EMS,EMS ref: ,485,Subscriptions,OVERHEADS,EXPENSE,53,INPUT2
2025-11-26,SPEND bank txn,408f10e2-c657-47ee-9563-f62081524f4c,Youlend,YOULEND ref: ,900,You Lend Loan,TERMLIAB,LIABILITY,78.88,NONE
2026-03-14,SPEND bank txn,41ec162b-03c2-4a88-8f2e-100ea01f0efa,REECE RILEY,Reece Riley ref: ,814,Wages Payable - Payroll,CURRLIAB,LIABILITY,50,NONE
2026-01-04,SPEND bank txn,42665a07-eb41-4c88-9d06-e75b189e3224,MOT MANAGER,VAT No 240 4408 43.,485,Subscriptions,OVERHEADS,EXPENSE,150,INPUT2
2025-11-28,SPEND bank txn,42bd1d5e-9018-4a88-8f64-79f4bd126bd0,JOANNE ELIZABETH,,612,Sales Control Account,CURRENT,ASSET,213,NONE
2025-11-07,SPEND bank txn,43dc4fbe-b993-4b92-ac96-96ab6d6d130b,SCOTT FILL,Scott Fill ref: ,814,Wages Payable - Payroll,CURRLIAB,LIABILITY,200,NONE
2026-03-09,SPEND bank txn,441ae4be-7f01-457e-b14f-254587f2ad92,JOHNSONS WORKWEAR 1,VAT: GB825489105,492,Workwear,EXPENSE,EXPENSE,75.84,INPUT2
2026-05-23,SPEND bank txn,44f750d6-42f2-498a-b439-cd0fdfd28ec5,Credit Flex,CREDIT_FLEX_FASANARA_COLLECTIONS,923,Credit Flex 828,CURRLIAB,LIABILITY,154.37,NONE
2025-12-16,SPEND bank txn,4548a7b3-81e8-47bb-9aaf-74187b520136,Youlend,YOULEND ref: ,900,You Lend Loan,TERMLIAB,LIABILITY,78.88,NONE
2025-11-10,SPEND bank txn,4588c2b7-65ef-4e07-8672-9b88bb2fed0d,BARCLAYCARD,BARCLAYCARD ref: ,404,Bank Fees,OVERHEADS,EXPENSE,20,EXEMPTINPUT
2026-02-18,SPEND bank txn,45c69aa9-10d5-4737-9601-d560a87dc28c,BOOKMYGARAGE,,310,Cost of Goods Sold,DIRECTCOSTS,EXPENSE,24,NONE
2026-02-22,SPEND bank txn,45d1b6ea-aff7-4124-a08f-739f209a5a3b,PROREMAPS,"PROREMAPS.CO.UK - Unit 4, Whitacre Industrial Park Whitacre Str, HUDDERSFIELD",310,Cost of Goods Sold,DIRECTCOSTS,EXPENSE,74.16,INPUT2
2026-04-07,SPEND bank txn,45da59d6-4b47-4aaf-9220-b2fac387ffdd,Alliance automotive UK LV ltd,VAT: GB945169595,310,Cost of Goods Sold,DIRECTCOSTS,EXPENSE,1000,INPUT2
2026-04-30,SPEND bank txn,46127bbe-4d91-485a-b322-30a763ba3961,Napa Auto Parts,,310,Cost of Goods Sold,DIRECTCOSTS,EXPENSE,400,INPUT2
2026-06-02,SPEND bank txn,46569105-bb89-4674-ad3f-cac71f23f713,Credit Flex,CREDIT_FLEX_FASANARA_COLLECTIONS,916,Credit Flex - 760.80,CURRLIAB,LIABILITY,129.62,NONE
2026-05-06,SPEND bank txn,467edb6b-aac8-45d3-88af-bc946acc6509,Credit Flex,CREDIT_FLEX_FASANARA_COLLECTIONS,919,Credit Flex 950,CURRLIAB,LIABILITY,68.68,NONE
2025-11-19,SPEND bank txn,468d41a3-71a5-4b63-a1ef-1fb795f4fac8,General Traffic,,310,Cost of Goods Sold,DIRECTCOSTS,EXPENSE,5000,INPUT2
2025-11-24,SPEND bank txn,46998d13-79ee-4a0e-97c8-99248423e1fc,The Searchpoint Group,"THE SEARCHPOINT GROUP - Earl Business CentreDowry Street, OLDHAM",400,Advertising & Marketing,OVERHEADS,EXPENSE,60,NONE
2025-11-13,SPEND bank txn,46f77ced-bc3b-4e89-af2f-4945378a8c49,Youlend,YOULEND ref: ,900,You Lend Loan,TERMLIAB,LIABILITY,78.88,NONE
2026-02-19,SPEND bank txn,470b4281-aece-4cee-bdce-07963c2fddc2,Youlend,YOULEND ref: ,900,You Lend Loan,TERMLIAB,LIABILITY,78.88,NONE
2026-02-27,SPEND bank txn,471294bf-bf52-4bc8-b204-6b125b735a87,Youlend,YOULEND ref: ,900,You Lend Loan,TERMLIAB,LIABILITY,78.88,NONE
2026-02-05,SPEND bank txn,472e0ff1-fb13-4f45-a259-e7de65c45cd3,MOT MANAGER,VAT No 240 4408 43.,485,Subscriptions,OVERHEADS,EXPENSE,150,INPUT2
2026-02-05,SPEND bank txn,47352c26-588b-400e-bafb-e394d551881b,PROREMAPS,"PROREMAPS.CO.UK - Unit 4, Whitacre Industrial Park Whitacre Str, HUDDERSFIELD",310,Cost of Goods Sold,DIRECTCOSTS,EXPENSE,74.16,INPUT2
2026-04-17,SPEND bank txn,476ab4ad-4e8f-4851-b9b7-f81c0af57dbb,BOOKMYGARAGE,,310,Cost of Goods Sold,DIRECTCOSTS,EXPENSE,144,NONE
2026-04-01,SPEND bank txn,47b0b51c-520a-4db9-b7c8-c77379332bcd,CAPIFY,CAPIFY ref: ,864,CAPIFY UK LLC,TERMLIAB,LIABILITY,49.16,NONE
2026-03-06,SPEND bank txn,4987f8cd-819a-4c61-8155-e7b44ab87803,dvsa,,325,Direct Expenses,DIRECTCOSTS,EXPENSE,102.5,NONE
2026-01-06,SPEND bank txn,499883a1-3903-494d-8633-9ea784f76c38,Credit Flex,CREDIT_FLEX_FASANARA_COLLECTIONS,912,Credit Flex - 827.08,CURRLIAB,LIABILITY,224.11,NONE
2026-03-03,SPEND bank txn,49ea7166-da60-45c4-80d9-59fe32ac0714,CAPIFY,CAPIFY ref: ,864,CAPIFY UK LLC,TERMLIAB,LIABILITY,49.16,NONE
2026-02-27,SPEND bank txn,4a0b18a9-abb3-46a5-acc3-802f81a1af8d,Alliance automotive UK LV ltd,VAT: GB945169595,310,Cost of Goods Sold,DIRECTCOSTS,EXPENSE,781.67,INPUT2
2026-04-29,SPEND bank txn,4a647174-389b-43ec-972b-06988d7d7c1a,QUANTUMTUNING,,310,Cost of Goods Sold,DIRECTCOSTS,EXPENSE,90,INPUT2
2026-03-25,SPEND bank txn,4a7584bb-3a33-4605-93db-745ec8f8fbe5,PROREMAPS,"PROREMAPS.CO.UK - Unit 4, Whitacre Industrial Park Whitacre Str, HUDDERSFIELD",310,Cost of Goods Sold,DIRECTCOSTS,EXPENSE,74.16,INPUT2
2025-11-20,SPEND bank txn,4b5e98cd-c937-4249-8276-fa1648dc0b44,PROREMAPS,"PROREMAPS.CO.UK - Unit 4, Whitacre Industrial Park Whitacre Str, HUDDERSFIELD",310,Cost of Goods Sold,DIRECTCOSTS,EXPENSE,74.16,INPUT2
2026-05-05,SPEND bank txn,4b5ebc72-0b5e-4d75-9ba7-b24ff2d07806,Credit Flex,CREDIT_FLEX_FASANARA_COLLECTIONS,919,Credit Flex 950,CURRLIAB,LIABILITY,80.29,NONE
2026-01-08,SPEND bank txn,4b9828da-1d68-4025-b0a7-552ff09a039a,Youlend,YOULEND ref: ,900,You Lend Loan,TERMLIAB,LIABILITY,78.88,NONE
2026-03-18,SPEND bank txn,4c6a85b1-cae9-40a7-897d-72c204bdc369,PROREMAPS,"PROREMAPS.CO.UK - Unit 4, Whitacre Industrial Park Whitacre Str, HUDDERSFIELD",310,Cost of Goods Sold,DIRECTCOSTS,EXPENSE,74.16,INPUT2
2025-11-27,SPEND bank txn,4d28b09d-7a5a-48ce-b8c6-60e7a80a1570,Youlend,YOULEND ref: ,900,You Lend Loan,TERMLIAB,LIABILITY,78.88,NONE
2026-03-12,SPEND bank txn,4d2a8d74-9719-492a-9e85-ecff4ca96959,Alliance automotive UK LV ltd,VAT: GB945169595,310,Cost of Goods Sold,DIRECTCOSTS,EXPENSE,1000,INPUT2
2026-01-02,SPEND bank txn,4db742ac-ed6c-42cc-9697-2d50bc09b218,Ebay,"eBay O*16-13303-92199 - 1 MORE LONDON PLACE, INTERNET",310,Cost of Goods Sold,DIRECTCOSTS,EXPENSE,89.49,INPUT2
2026-03-26,SPEND bank txn,4dfb9ccc-ab98-4d2a-aad9-dabcee5662dc,dvsa,,325,Direct Expenses,DIRECTCOSTS,EXPENSE,102.5,NONE
2026-04-23,SPEND bank txn,4e2685ad-9090-4e61-9287-b5e6b9e15ab4,Credit Flex,CREDIT_FLEX_FASANARA_COLLECTIONS,923,Credit Flex 828,CURRLIAB,LIABILITY,44.02,NONE
2026-04-23,SPEND bank txn,4e89f988-ebf7-4e01-8d1d-8a47aab0e17c,Youlend,YOULEND ref: ,900,You Lend Loan,TERMLIAB,LIABILITY,78.88,NONE
2026-01-17,SPEND bank txn,4eaecb43-9259-46a1-ad1a-4a8f384551aa,Oil Salvage Limited,,310,Cost of Goods Sold,DIRECTCOSTS,EXPENSE,54,INPUT2
2026-03-17,SPEND bank txn,4eb7053f-bbdc-492f-9193-4d84c6d4b460,Credit Flex,CREDIT_FLEX_FASANARA_COLLECTIONS,922,Credit Flex 850,CURRLIAB,LIABILITY,158.47,NONE
2025-12-02,SPEND bank txn,4f16d520-e12f-4024-9bd5-acab5b927590,CAPIFY,CAPIFY ref: ,864,CAPIFY UK LLC,TERMLIAB,LIABILITY,49.16,NONE
2025-11-26,SPEND bank txn,4f58f1cb-79c2-4a20-8982-a2141f8e1f1a,DEBT & REVENUE SERVICE,,825,PAYE Payable,CURRLIAB,LIABILITY,800,NONE
2026-01-29,SPEND bank txn,4fb89d10-9e23-4074-832b-045de0bc0038,Youlend,YOULEND ref: ,900,You Lend Loan,TERMLIAB,LIABILITY,78.88,NONE
2025-12-10,SPEND bank txn,507c8fdb-d222-456a-8710-b05c11d63126,SARAH SCHOFIELd,Sarah Schofield ref: ,310,Cost of Goods Sold,DIRECTCOSTS,EXPENSE,380,INPUT2
2025-12-24,SPEND bank txn,50b83ecf-e1ef-48ff-9504-2b5d7bb50a91,CLOSE-KONSILEO,CLOSE-KONSILEO ref: ,433,Insurance,OVERHEADS,EXPENSE,875.71,EXEMPTINPUT
2026-04-01,SPEND bank txn,51227af8-d028-4c7f-83a3-48fb79ed3192,PROREMAPS,,310,Cost of Goods Sold,DIRECTCOSTS,EXPENSE,74.16,INPUT2
2025-12-08,SPEND bank txn,5135c7b3-8b26-4d37-b44d-25abdffd103e,Youlend,YOULEND ref: ,900,You Lend Loan,TERMLIAB,LIABILITY,78.88,NONE
2026-03-10,SPEND bank txn,513b8926-7799-42ca-93cb-dc9dd1cba90b,PROREMAPS,"PROREMAPS.CO.UK - Unit 4, Whitacre Industrial Park Whitacre Str, HUDDERSFIELD",310,Cost of Goods Sold,DIRECTCOSTS,EXPENSE,74.16,INPUT2
2025-11-15,SPEND bank txn,514b8ff5-b42b-421c-8660-a94dafa96142,BANOZE TYRES WHOLESALE,VAT No: GB247160514,310,Cost of Goods Sold,DIRECTCOSTS,EXPENSE,338.45,INPUT2
2026-01-09,SPEND bank txn,51ab4d0e-3b66-46af-b7d0-dfffaf3a361b,PROREMAPS,"PROREMAPS.CO.UK - Unit 4, Whitacre Industrial Park Whitacre Str, HUDDERSFIELD",310,Cost of Goods Sold,DIRECTCOSTS,EXPENSE,49.44,INPUT2
2025-12-24,SPEND bank txn,526871e8-a481-4618-9b89-09ece2c050a7,PROREMAPS,"PROREMAPS.CO.UK - Unit 4, Whitacre Industrial Park Whitacre Str, HUDDERSFIELD",310,Cost of Goods Sold,DIRECTCOSTS,EXPENSE,148.32,INPUT2
2026-07-05,SPEND bank txn,5291e4c5-ccb0-4e8f-b6df-e9da1ece7624,Credit Flex,CREDIT_FLEX_FASANARA_COLLECTIONS,919,Credit Flex 950,CURRLIAB,LIABILITY,16.99,NONE
2026-03-28,SPEND bank txn,5374aaff-cff9-4725-8c99-35bdff0c29f5,Credit Flex,CREDIT_FLEX_FASANARA_COLLECTIONS,914,Credit Flex 1530.15,CURRLIAB,LIABILITY,414.09,NONE
2026-02-11,SPEND bank txn,53e90c14-b974-43dc-af2b-73719d9299b2,PROREMAPS,"PROREMAPS.CO.UK - Unit 4, Whitacre Industrial Park Whitacre Str, HUDDERSFIELD",310,Cost of Goods Sold,DIRECTCOSTS,EXPENSE,74.16,INPUT2
2026-01-21,SPEND bank txn,541c176c-6a68-4586-8d18-9a0064438aa9,CAPIFY,CAPIFY ref: ,864,CAPIFY UK LLC,TERMLIAB,LIABILITY,49.16,NONE
2026-04-17,SPEND bank txn,545b59a9-72f2-4a30-8773-91e15056d349,CALDER CLUTCH,,310,Cost of Goods Sold,DIRECTCOSTS,EXPENSE,90,NONE
2025-11-20,SPEND bank txn,546a3ecd-5ba7-4b3b-8ac9-20749f24c6f3,Amazon,"AMZNMktplace*Z33UX91D4 - 1 Principal Pl, Worship St, LONDON",310,Cost of Goods Sold,DIRECTCOSTS,EXPENSE,24.95,INPUT2
2026-02-02,SPEND bank txn,548034b4-86c1-4820-a215-5599ec035a1c,SCOTT FILL,Scott Fill ref: ,814,Wages Payable - Payroll,CURRLIAB,LIABILITY,150,NONE
2025-11-12,SPEND bank txn,5493369c-4aec-432c-ae6f-cedef8ce1f43,Youlend,YOULEND ref: ,900,You Lend Loan,TERMLIAB,LIABILITY,78.88,NONE
2025-12-11,SPEND bank txn,54c7e59a-da7f-4f00-828b-0bda31ddf458,CLEARBUSINESS,Subscription for payments solution provider ,485,Subscriptions,OVERHEADS,EXPENSE,18,INPUT2
2026-03-07,SPEND bank txn,5576f704-ea57-4bac-95d0-a0a1733c25e3,PROREMAPS,"PROREMAPS.CO.UK - Unit 4, Whitacre Industrial Park Whitacre Str, HUDDERSFIELD",310,Cost of Goods Sold,DIRECTCOSTS,EXPENSE,74.16,INPUT2
2026-03-17,SPEND bank txn,55fe6741-3d7c-44ff-9701-84141ce8576d,CAPIFY,CAPIFY ref: ,864,CAPIFY UK LLC,TERMLIAB,LIABILITY,49.16,NONE
2026-03-30,SPEND bank txn,5673845f-5fe6-4ca7-9a67-d9a1e36c0432,Youlend,YOULEND ref: ,900,You Lend Loan,TERMLIAB,LIABILITY,78.88,NONE
2026-02-05,SPEND bank txn,569fc3ff-db77-4b09-b117-1190104e7629,PROREMAPS,"PROREMAPS.CO.UK - Unit 4, Whitacre Industrial Park Whitacre Str, HUDDERSFIELD",310,Cost of Goods Sold,DIRECTCOSTS,EXPENSE,74.16,INPUT2
2026-01-28,SPEND bank txn,56b90aee-67d7-4307-9551-c9c74e098947,CAPIFY,CAPIFY ref: ,864,CAPIFY UK LLC,TERMLIAB,LIABILITY,49.16,NONE
2026-01-22,SPEND bank txn,56c2f4bf-6402-4189-9a82-1b8558cc033b,CAPIFY,CAPIFY ref: ,864,CAPIFY UK LLC,TERMLIAB,LIABILITY,49.16,NONE
2026-01-11,SPEND bank txn,56edb991-7997-41bb-b39c-1350e6e15d94,PROREMAPS,"PROREMAPS.CO.UK - Unit 4, Whitacre Industrial Park Whitacre Str, HUDDERSFIELD",310,Cost of Goods Sold,DIRECTCOSTS,EXPENSE,74.16,INPUT2
2026-02-26,SPEND bank txn,57634d51-de73-4cb9-9aff-f64548a3fd31,Amazon,"Amazon.co.uk*EY01E0VI5 - 1 Principal Place, Worship Str, LONDON",310,Cost of Goods Sold,DIRECTCOSTS,EXPENSE,26.4,INPUT2
2025-12-12,SPEND bank txn,5865d447-6c6f-46f8-b797-dc67afcd8fd7,Youlend,YOULEND ref: ,900,You Lend Loan,TERMLIAB,LIABILITY,78.88,NONE
2026-01-13,SPEND bank txn,5920bb9e-dad4-4494-803f-e4edd52d5ba2,PROREMAPS,"PROREMAPS.CO.UK - Unit 4, Whitacre Industrial Park Whitacre Str, HUDDERSFIELD",310,Cost of Goods Sold,DIRECTCOSTS,EXPENSE,74.16,INPUT2
2026-02-03,SPEND bank txn,5927617b-7952-4f5f-bb31-cf21ebcf16b8,MARKETPLACE MERCHA,MARKETPLACE MERCHA ref: ,400,Advertising & Marketing,OVERHEADS,EXPENSE,36,NONE
2026-04-10,SPEND bank txn,59530945-47ce-45ee-bd08-fd184a1de58e,TAKEPAYMENTS LTD,,485,Subscriptions,OVERHEADS,EXPENSE,1.2,EXEMPTINPUT
2026-04-29,SPEND bank txn,5999c8de-8770-486a-bb55-0b05103a89c7,Napa Auto Parts,,310,Cost of Goods Sold,DIRECTCOSTS,EXPENSE,300,INPUT2
2026-03-25,SPEND bank txn,59ab65ee-cc1f-496c-a928-35e5bbe02ecb,MAXIMISE CAPITAL FINANCE LTD,,907,Loan - MAXCAP,TERMLIAB,LIABILITY,1136,NONE
2026-05-07,SPEND bank txn,5acc2e6b-b2ca-4510-bb6c-6c67539fa7fb,Credit Flex,CREDIT_FLEX_FASANARA_COLLECTIONS,918,Credit Flex 3800,CURRLIAB,LIABILITY,184.46,NONE
2026-03-10,SPEND bank txn,5ad3e6b1-d1d0-4475-86c3-7f27c6e16036,SARAH SCHOFIELd,Sarah Schofield ref: ,310,Cost of Goods Sold,DIRECTCOSTS,EXPENSE,380,INPUT2
2026-02-23,SPEND bank txn,5b4fc608-a775-409b-a8c1-733ba4b2b9e9,Credit Flex,CREDIT_FLEX_FASANARA_COLLECTIONS,923,Credit Flex 828,CURRLIAB,LIABILITY,154.37,NONE
2026-02-27,SPEND bank txn,5b70cdc7-38a6-4602-b629-8125d1e725b0,Amazon,"AMZNMktplace*Z33UX91D4 - 1 Principal Pl, Worship St, LONDON",310,Cost of Goods Sold,DIRECTCOSTS,EXPENSE,48.99,INPUT2
2026-01-06,SPEND bank txn,5b99caa1-2d7c-4e77-8075-481e443f43e9,Amazon,"AMZNMktplace*Z33UX91D4 - 1 Principal Pl, Worship St, LONDON",310,Cost of Goods Sold,DIRECTCOSTS,EXPENSE,141.95,INPUT2
2026-02-02,SPEND bank txn,5bca5986-9e7c-440a-bedf-ad4b10e7a432,Youlend,YOULEND ref: ,900,You Lend Loan,TERMLIAB,LIABILITY,78.88,NONE
2025-12-17,SPEND bank txn,5bedb73f-5ad7-45f2-a78d-92dc57b98b30,BOOKMYGARAGE,,310,Cost of Goods Sold,DIRECTCOSTS,EXPENSE,144,NONE
2025-12-10,SPEND bank txn,5bf6bb41-e15a-4f95-93ca-0f3c6d92ac83,TPS Huddersfield,"VWG-HUDDERSFIELD TPS - UNIT F, HUDDERSFIELD",310,Cost of Goods Sold,DIRECTCOSTS,EXPENSE,120.26,INPUT2
2026-03-05,SPEND bank txn,5d093e1d-b095-47a8-9f17-d1b2ea0dd91c,Credit Flex,CREDIT_FLEX_FASANARA_COLLECTIONS,919,Credit Flex 950,CURRLIAB,LIABILITY,177.12,NONE
2026-03-13,SPEND bank txn,5e153f6e-021c-4df4-bc66-1c26792e3faa,CAPIFY,CAPIFY ref: ,864,CAPIFY UK LLC,TERMLIAB,LIABILITY,49.16,NONE
2026-02-19,SPEND bank txn,5e394541-7ad8-43fb-ac42-4cbb8c6b7d29,CAPIFY,CAPIFY ref: ,864,CAPIFY UK LLC,TERMLIAB,LIABILITY,49.16,NONE
2026-01-08,SPEND bank txn,5e73b2da-8443-46a2-871d-1985e831ed24,CAPIFY,CAPIFY ref: ,864,CAPIFY UK LLC,TERMLIAB,LIABILITY,49.16,NONE
2026-02-12,SPEND bank txn,5ea45f76-15a9-4645-a274-d1c4fd9292b6,CAPIFY,CAPIFY ref: ,864,CAPIFY UK LLC,TERMLIAB,LIABILITY,49.16,NONE
2026-02-20,SPEND bank txn,5f272e85-4daf-47b1-80f9-4c3b8f0f8d67,JOHNSONS WORKWEAR 1,VAT: GB825489105,492,Workwear,EXPENSE,EXPENSE,75.84,INPUT2
2025-12-30,SPEND bank txn,5f599058-63cf-44d7-9798-16346f461ad2,CAPIFY,CAPIFY ref: ,864,CAPIFY UK LLC,TERMLIAB,LIABILITY,49.16,NONE
2026-03-10,SPEND bank txn,5f9939fb-57ce-4bc0-bff4-55f73a3e7359,TAKEPAYMENTS LTD,,485,Subscriptions,OVERHEADS,EXPENSE,1.2,EXEMPTINPUT
2025-11-26,SPEND bank txn,5fa65f5d-519a-4f20-ac65-b3b97276a75c,TPS Huddersfield,"VWG-HUDDERSFIELD TPS - UNIT F, HUDDERSFIELD",310,Cost of Goods Sold,DIRECTCOSTS,EXPENSE,6.37,INPUT2
2025-11-21,SPEND bank txn,5ffad748-6b48-4759-bc08-0330dfc972d4,General Traffic,,310,Cost of Goods Sold,DIRECTCOSTS,EXPENSE,900,INPUT2
2026-05-05,SPEND bank txn,610e996d-4f4c-4d56-9007-4599a7561874,Credit Flex,CREDIT_FLEX_FASANARA_COLLECTIONS,919,Credit Flex 950,CURRLIAB,LIABILITY,5.58,NONE
2025-11-28,SPEND bank txn,6158abf4-08a7-495e-8f12-bddc5a1556d8,REECE RILEY,Reece Riley ref: ,814,Wages Payable - Payroll,CURRLIAB,LIABILITY,1530.15,NONE
2025-11-19,SPEND bank txn,61a74dcf-e7ec-4919-a8e9-b7ff7a4a17ca,PROREMAPS,"PROREMAPS.CO.UK - Unit 4, Whitacre Industrial Park Whitacre Str, HUDDERSFIELD",310,Cost of Goods Sold,DIRECTCOSTS,EXPENSE,74.16,INPUT2
2026-04-09,SPEND bank txn,62ce1488-98c4-4a9c-9be7-2c6be3365048,CAPIFY,CAPIFY ref: ,864,CAPIFY UK LLC,TERMLIAB,LIABILITY,49.16,NONE
2026-01-02,SPEND bank txn,62dce602-5a1e-4868-bc00-a5caab6ac028,Youlend,YOULEND ref: ,900,You Lend Loan,TERMLIAB,LIABILITY,78.88,NONE
2025-12-02,SPEND bank txn,63129fe5-8e8e-41f6-9db8-a7d0e8a7a24d,Youlend,YOULEND ref: ,900,You Lend Loan,TERMLIAB,LIABILITY,78.88,NONE
2026-02-11,SPEND bank txn,6338ba18-b41a-4769-8fa5-eb831ea57b81,Land Rover Centre Huddersfield,"LAND ROVER CENTRE - Bridge Street, HUDDERSFIELD",310,Cost of Goods Sold,DIRECTCOSTS,EXPENSE,69.6,INPUT2
2025-11-07,SPEND bank txn,633b4c3c-3c41-4c5a-833b-970af56a316f,YMS Education Limited,"YMS Education Ltd MOTO - The old Courthouse,Dukinfield, Cheshire East",480,Staff Training,OVERHEADS,EXPENSE,449,NONE
2026-04-16,SPEND bank txn,63961f74-0e5f-42cb-9f6e-4fefe3b51c73,FDMS,FDMS ref: ,485,Subscriptions,OVERHEADS,EXPENSE,54.8,INPUT2
2026-07-06,SPEND bank txn,64241203-f8a6-4784-a016-c1e25fef1fa6,Credit Flex,CREDIT_FLEX_FASANARA_COLLECTIONS,918,Credit Flex 3800,CURRLIAB,LIABILITY,388.62,NONE
2026-02-04,SPEND bank txn,6573004e-cccc-47d8-9cdc-547e75a484c3,Youlend,YOULEND ref: ,900,You Lend Loan,TERMLIAB,LIABILITY,78.88,NONE
2026-02-18,SPEND bank txn,6604ef69-f448-4992-addd-cd400ac7751f,SCOTT FILL,Scott Fill ref: ,814,Wages Payable - Payroll,CURRLIAB,LIABILITY,200,NONE
2026-02-18,SPEND bank txn,661296c1-4067-49f4-9a9d-5816950aeab0,EMS,EMS ref: ,485,Subscriptions,OVERHEADS,EXPENSE,53,INPUT2
2025-12-10,SPEND bank txn,664413ba-8d1e-4d50-9565-7cdce8cd6fe4,CAPIFY,CAPIFY ref: ,864,CAPIFY UK LLC,TERMLIAB,LIABILITY,49.16,NONE
2026-02-18,SPEND bank txn,66c39beb-27a8-4b95-ab3d-167549a6284e,Youlend,YOULEND ref: ,900,You Lend Loan,TERMLIAB,LIABILITY,78.88,NONE
2026-05-02,SPEND bank txn,673059f3-850e-417b-b43d-797c9979d8c6,Credit Flex,CREDIT_FLEX_FASANARA_COLLECTIONS,916,Credit Flex - 760.80,CURRLIAB,LIABILITY,108.5,NONE
2026-02-14,SPEND bank txn,677be2c5-1c66-4b7a-a74a-7d912857e02b,DEBT & REVENUE SERVICE,,825,PAYE Payable,CURRLIAB,LIABILITY,473.46,NONE
2026-02-16,SPEND bank txn,67f90440-04d7-402e-8d51-582def9632aa,CAPIFY,CAPIFY ref: ,864,CAPIFY UK LLC,TERMLIAB,LIABILITY,49.16,NONE
2025-12-22,SPEND bank txn,67fc029f-25ea-48b5-8b01-ec7ec1c32bf4,Mr R A Billings,Mr R A Billings ref: ,835,Directors' Loan Account,CURRLIAB,LIABILITY,500,NONE
2026-02-06,SPEND bank txn,680dc195-287c-4a90-8c96-da03209314e7,PROREMAPS,"PROREMAPS.CO.UK - Unit 4, Whitacre Industrial Park Whitacre Str, HUDDERSFIELD",310,Cost of Goods Sold,DIRECTCOSTS,EXPENSE,74.16,INPUT2
2025-12-16,SPEND bank txn,68c68518-c3bc-4665-badc-ee5c4548a300,CAPIFY,CAPIFY ref: ,864,CAPIFY UK LLC,TERMLIAB,LIABILITY,49.16,NONE
2025-11-28,SPEND bank txn,691a5898-ef83-4f8b-8d93-3ea2501d1aa6,CAPIFY,CAPIFY ref: ,864,CAPIFY UK LLC,TERMLIAB,LIABILITY,49.16,NONE
2026-04-22,SPEND bank txn,6927dc25-6a28-4dae-a63f-3b04be91eb86,Credit Flex,CREDIT_FLEX_FASANARA_COLLECTIONS,915,Credit Flex 1650,CURRLIAB,LIABILITY,307.62,NONE
2025-12-22,SPEND bank txn,69cbbe39-2d16-4b97-9bc7-c0a74ef37bbc,BIFFA WASTE SERVIC,BIFFA WASTE SERVIC ref: ,408,Cleaning,OVERHEADS,EXPENSE,157.92,INPUT2
2025-12-03,SPEND bank txn,69dffed3-7756-4ecc-8161-c1a14d8cd81d,BANOZE TYRES WHOLESALE,VAT No: GB247160514,310,Cost of Goods Sold,DIRECTCOSTS,EXPENSE,85.56,INPUT2
2025-11-05,SPEND bank txn,6a07fa6c-a9fe-4110-bb82-c69ed6fe0cda,CAPIFY,CAPIFY ref: ,864,CAPIFY UK LLC,TERMLIAB,LIABILITY,49.16,NONE
2026-02-23,SPEND bank txn,6a3c6cac-25d7-4e01-bb4c-46365486248f,BIFFA WASTE SERVIC,BIFFA WASTE SERVIC ref: ,408,Cleaning,OVERHEADS,EXPENSE,126.34,INPUT2
2026-01-22,SPEND bank txn,6a5665a1-1baf-4e08-b0a5-f6e4ff506000,PROREMAPS,"PROREMAPS.CO.UK - Unit 4, Whitacre Industrial Park Whitacre Str, HUDDERSFIELD",310,Cost of Goods Sold,DIRECTCOSTS,EXPENSE,74.16,INPUT2
2026-04-14,SPEND bank txn,6a60c0b3-9add-476c-80ef-9ac5d9553409,Youlend,YOULEND ref: ,900,You Lend Loan,TERMLIAB,LIABILITY,78.88,NONE
2026-01-12,SPEND bank txn,6afd0834-fc09-49f6-b71a-f40aa121ec27,BOOKMYGARAGE,,310,Cost of Goods Sold,DIRECTCOSTS,EXPENSE,24,NONE
2026-01-12,SPEND bank txn,6b251b0b-29f5-4277-8723-663fd20a3b50,BOOKMYGARAGE,,310,Cost of Goods Sold,DIRECTCOSTS,EXPENSE,24,NONE
2026-04-24,SPEND bank txn,6b5cb874-5ecc-4076-8d93-9f3357f9a1f6,Youlend,YOULEND ref: ,900,You Lend Loan,TERMLIAB,LIABILITY,78.88,NONE
2025-11-11,SPEND bank txn,6b92a599-a5f4-4e35-a23d-8e21a37eda61,CAPIFY,CAPIFY ref: ,864,CAPIFY UK LLC,TERMLIAB,LIABILITY,49.16,NONE
2026-01-19,SPEND bank txn,6c18e268-dd58-4cd4-b55a-c0330c395f00,BOOKMYGARAGE,,310,Cost of Goods Sold,DIRECTCOSTS,EXPENSE,24,NONE
2026-02-25,SPEND bank txn,6c8ee913-2b6d-4aff-9adc-f742ad89cb02,Amazon,"AMZNMktplace*Z33UX91D4 - 1 Principal Pl, Worship St, LONDON",310,Cost of Goods Sold,DIRECTCOSTS,EXPENSE,34.99,INPUT2
2026-01-27,SPEND bank txn,6ca93557-46b8-4419-8c77-81cbc9f3db07,CAPIFY,CAPIFY ref: ,864,CAPIFY UK LLC,TERMLIAB,LIABILITY,49.16,NONE
2026-01-15,SPEND bank txn,6cf6c1b5-70ad-43aa-8383-c5e71127236a,General Traffic,,310,Cost of Goods Sold,DIRECTCOSTS,EXPENSE,4000,INPUT2
2026-05-26,SPEND bank txn,6d645003-fc4c-44fa-ab49-21f4f41c82d8,Credit Flex,CREDIT_FLEX_FASANARA_COLLECTIONS,921,Credit Flex 3500,CURRLIAB,LIABILITY,357.94,NONE
2026-06-22,SPEND bank txn,6dc2733f-636e-40a4-a15a-7a3a5405c818,Credit Flex,CREDIT_FLEX_FASANARA_COLLECTIONS,915,Credit Flex 1650,CURRLIAB,LIABILITY,256.73,NONE
2026-04-29,SPEND bank txn,6df26c81-9c46-40f7-8576-746dd869240e,Ian W Bentley Bulk Transport Ltd,Utilities,469,Rent & Rates,OVERHEADS,EXPENSE,348.68,RRINPUT
2026-02-02,SPEND bank txn,6e06772a-c599-4a26-8871-a65cca42c656,CAPIFY,CAPIFY ref: ,864,CAPIFY UK LLC,TERMLIAB,LIABILITY,49.16,NONE
2025-12-04,SPEND bank txn,6e18793a-6bb3-4611-ba11-fc63d2f77ba2,Youlend,YOULEND ref: ,900,You Lend Loan,TERMLIAB,LIABILITY,78.88,NONE
2026-03-18,SPEND bank txn,6e71b87f-6e9f-4cd1-8649-daac77768823,Youlend,YOULEND ref: ,900,You Lend Loan,TERMLIAB,LIABILITY,78.88,NONE
2026-01-05,SPEND bank txn,6f17702f-c031-41c2-aedc-1c9773558633,Youlend,YOULEND ref: ,900,You Lend Loan,TERMLIAB,LIABILITY,78.88,NONE
2026-01-06,SPEND bank txn,6f56b4f8-8459-4a17-b59c-f7d9ce559fce,CAPIFY,CAPIFY ref: ,864,CAPIFY UK LLC,TERMLIAB,LIABILITY,49.16,NONE
2026-04-07,SPEND bank txn,6f9b0880-d824-4df5-b754-1d3c929c6fbb,Credit Flex,CREDIT_FLEX_FASANARA_COLLECTIONS,917,Credit Flex 3000,CURRLIAB,LIABILITY,642.46,NONE
2025-12-19,SPEND bank txn,6fc147ce-19ad-4313-915b-6f03eb86ee61,Youlend,YOULEND ref: ,900,You Lend Loan,TERMLIAB,LIABILITY,78.88,NONE
2026-02-02,SPEND bank txn,6fe41da1-7dc0-43f3-ab7a-846d0de726f1,Credit Flex,CREDIT_FLEX_FASANARA_COLLECTIONS,916,Credit Flex - 760.80,CURRLIAB,LIABILITY,141.84,NONE
2025-12-29,SPEND bank txn,7066ae59-4f0c-4355-bb83-3b8e06e07657,CAPIFY,CAPIFY ref: ,864,CAPIFY UK LLC,TERMLIAB,LIABILITY,49.16,NONE
2026-03-24,SPEND bank txn,70b4b94a-90b1-4c39-a5a1-beab1c0e2a32,The Searchpoint Group,"THE SEARCHPOINT GROUP - Earl Business CentreDowry Street, OLDHAM",400,Advertising & Marketing,OVERHEADS,EXPENSE,60,NONE
2025-12-24,SPEND bank txn,70c86259-e244-4be1-89c9-0c19bdf871fb,The Searchpoint Group,"THE SEARCHPOINT GROUP - Earl Business CentreDowry Street, OLDHAM",400,Advertising & Marketing,OVERHEADS,EXPENSE,60,NONE
2026-01-19,SPEND bank txn,7156af82-59b4-4c39-9e21-2a36273aa10f,CAPIFY,CAPIFY ref: ,864,CAPIFY UK LLC,TERMLIAB,LIABILITY,49.16,NONE
2026-03-09,SPEND bank txn,7171666a-7a2c-41cb-915a-8a2009aaa55f,Alliance automotive UK LV ltd,VAT: GB945169595,310,Cost of Goods Sold,DIRECTCOSTS,EXPENSE,500,INPUT2
2026-03-25,SPEND bank txn,71e9e635-e1a2-4dd6-b615-819154e6ce95,CAPIFY,CAPIFY ref: ,864,CAPIFY UK LLC,TERMLIAB,LIABILITY,49.16,NONE
2025-11-10,SPEND bank txn,72233905-a078-4dc7-91de-0f2d07b099a7,SCOTT FILL,Scott Fill ref: ,814,Wages Payable - Payroll,CURRLIAB,LIABILITY,300,NONE
2026-03-10,SPEND bank txn,7248dce2-5e76-47f7-bf69-c5cb9ae12498,MYPOS,,485,Subscriptions,OVERHEADS,EXPENSE,24,NONE
2026-02-02,SPEND bank txn,7336a736-ccf4-4910-a767-01b0a8723a38,MORE THAN ACCOUNT,MORE THAN ACCOUNT ref: ,401,Audit & Accountancy fees,OVERHEADS,EXPENSE,760.8,INPUT2
2025-12-23,SPEND bank txn,735fcf82-a858-43f8-8fc7-a8ec6b512181,Youlend,YOULEND ref: ,900,You Lend Loan,TERMLIAB,LIABILITY,78.88,NONE
2025-11-03,SPEND bank txn,738afb43-fcfa-4259-80cc-541289019779,Amazon,"Amazon.co.uk*EY01E0VI5 - 1 Principal Place, Worship Str, LONDON",310,Cost of Goods Sold,DIRECTCOSTS,EXPENSE,29.9,INPUT2
2026-03-31,SPEND bank txn,73a8d22b-a1c9-49d2-bdae-180819bd67cf,CAPIFY,CAPIFY ref: ,864,CAPIFY UK LLC,TERMLIAB,LIABILITY,49.16,NONE
2026-04-01,SPEND bank txn,74060ee6-df84-4456-9c24-eeb1b17dbb1e,DVLA-J25SJF,DVLA-J25SJF ref: ,325,Direct Expenses,DIRECTCOSTS,EXPENSE,23.27,NONE
2026-04-08,SPEND bank txn,740c89eb-94e0-4a59-aba8-f02e87b0964a,Credit Flex,CREDIT_FLEX_FASANARA_COLLECTIONS,919,Credit Flex 950,CURRLIAB,LIABILITY,160.31,NONE
2026-01-26,SPEND bank txn,7477ee5c-659b-4317-8f76-889752bc77cb,BIFFA WASTE SERVIC,BIFFA WASTE SERVIC ref: ,408,Cleaning,OVERHEADS,EXPENSE,126.34,INPUT2
2025-11-10,SPEND bank txn,751b385b-5cf8-46ae-9752-a76b68ccbe84,TAKEPAYMENTS LTD,,485,Subscriptions,OVERHEADS,EXPENSE,1.2,EXEMPTINPUT
2026-02-03,SPEND bank txn,75451dce-ebfc-44c8-8306-ccf2e8261be2,CAPIFY,CAPIFY ref: ,864,CAPIFY UK LLC,TERMLIAB,LIABILITY,49.16,NONE
2026-01-14,SPEND bank txn,75eea521-56c8-4531-b178-a03ebdc13891,CAPIFY,CAPIFY ref: ,864,CAPIFY UK LLC,TERMLIAB,LIABILITY,49.16,NONE
2026-03-03,SPEND bank txn,75fa286b-daca-4cef-bd54-36d69cec60b3,TRAILERTEK,,310,Cost of Goods Sold,DIRECTCOSTS,EXPENSE,47.71,NONE
2025-11-04,SPEND bank txn,767f8d1f-8598-42a5-8a82-6ec87a75af5a,MARKETPLACE MERCHA,MARKETPLACE MERCHA ref: ,400,Advertising & Marketing,OVERHEADS,EXPENSE,24,NONE
2026-03-12,SPEND bank txn,7698366d-1404-4473-aee5-8eece96d4c7f,CAPIFY,CAPIFY ref: ,864,CAPIFY UK LLC,TERMLIAB,LIABILITY,49.16,NONE
2026-04-27,SPEND bank txn,76fa4033-f585-47f0-b7e3-e0d02e343f3b,CAPIFY,CAPIFY ref: ,864,CAPIFY UK LLC,TERMLIAB,LIABILITY,49.16,NONE
2026-04-01,SPEND bank txn,773ac543-fff1-4418-b39c-c124d14fa6ac,REECE RILEY,Reece Riley ref: ,814,Wages Payable - Payroll,CURRLIAB,LIABILITY,500,NONE
2026-02-06,SPEND bank txn,776adf87-d3d4-4799-bda0-64449cc87efb,Land Rover Centre Huddersfield,"SYTNER LAND ROVER WAKE - T/A GUY SALMON LAND ROVER, WAKEFIELD",310,Cost of Goods Sold,DIRECTCOSTS,EXPENSE,31.54,INPUT2
2025-11-22,SPEND bank txn,7797beb6-dca7-4a57-b5b4-755e75b44099,CHESTERFIELD,,325,Direct Expenses,DIRECTCOSTS,EXPENSE,14.84,NONE
2026-01-19,SPEND bank txn,796bbe5d-9704-42e3-a880-4fbeea10ada4,BOOKMYGARAGE,,310,Cost of Goods Sold,DIRECTCOSTS,EXPENSE,144,NONE
2025-12-19,SPEND bank txn,79ba8d79-a5ac-4921-bcf9-bf321ef80c8c,GOCARDLESS,,400,Advertising & Marketing,OVERHEADS,EXPENSE,16.56,INPUT2
2026-02-19,SPEND bank txn,79d60f9f-9ebe-4fb1-b6ee-41f9873ebb74,YMS Education Limited,"YMS Education Ltd MOTO - The old Courthouse,Dukinfield, Cheshire East",480,Staff Training,OVERHEADS,EXPENSE,449,NONE
2026-02-11,SPEND bank txn,7a517da4-d9ed-453e-8328-be99a5adc461,Youlend,YOULEND ref: ,900,You Lend Loan,TERMLIAB,LIABILITY,78.88,NONE
2025-11-12,SPEND bank txn,7ae22227-6295-4be0-9279-77ab6ed4b5cf,CAPIFY,CAPIFY ref: ,864,CAPIFY UK LLC,TERMLIAB,LIABILITY,49.16,NONE
2025-11-07,SPEND bank txn,7b11dcad-f121-47f4-830a-e04095a246d2,CAPIFY,CAPIFY ref: ,864,CAPIFY UK LLC,TERMLIAB,LIABILITY,49.16,NONE
2026-03-23,SPEND bank txn,7b37bafb-31bf-4f92-b3a5-20534330e955,Credit Flex,CREDIT_FLEX_FASANARA_COLLECTIONS,923,Credit Flex 828,CURRLIAB,LIABILITY,154.37,NONE
2026-01-28,SPEND bank txn,7b389f05-c30a-4f1d-becd-ad44dc140707,Youlend,YOULEND ref: ,900,You Lend Loan,TERMLIAB,LIABILITY,78.88,NONE
2025-12-15,SPEND bank txn,7b59668f-d1fe-4a44-87bc-7db647056ba1,Youlend,YOULEND ref: ,900,You Lend Loan,TERMLIAB,LIABILITY,78.88,NONE
2026-02-10,SPEND bank txn,7b6c2cbf-db21-4759-b67a-85c986e38b44,MYPOS,,485,Subscriptions,OVERHEADS,EXPENSE,24,NONE
2026-03-26,SPEND bank txn,7baf8064-e80d-438e-9be5-ec4f10ca064b,PROREMAPS,"PROREMAPS.CO.UK - Unit 4, Whitacre Industrial Park Whitacre Str, HUDDERSFIELD",310,Cost of Goods Sold,DIRECTCOSTS,EXPENSE,74.16,INPUT2
2026-01-07,SPEND bank txn,7bd4975d-1661-4cc2-986e-8b5d0486528b,CAPIFY,CAPIFY ref: ,864,CAPIFY UK LLC,TERMLIAB,LIABILITY,49.16,NONE
2026-02-18,SPEND bank txn,7d8fb8ba-656f-42d4-bb44-35f6b5f58bb0,PROREMAPS,"PROREMAPS.CO.UK - Unit 4, Whitacre Industrial Park Whitacre Str, HUDDERSFIELD",310,Cost of Goods Sold,DIRECTCOSTS,EXPENSE,74.16,INPUT2
2025-11-29,SPEND bank txn,7db79610-9d60-4d8f-9359-e148760c47a7,PROREMAPS,"PROREMAPS.CO.UK - Unit 4, Whitacre Industrial Park Whitacre Str, HUDDERSFIELD",310,Cost of Goods Sold,DIRECTCOSTS,EXPENSE,74.16,INPUT2
2026-01-19,SPEND bank txn,7db9d26f-147c-42b2-a136-3bd0c7ae26f8,Youlend,YOULEND ref: ,900,You Lend Loan,TERMLIAB,LIABILITY,78.88,NONE
2026-02-07,SPEND bank txn,7e3c90c7-bb31-4b28-a76a-2cc2bcb4d20e,PROREMAPS,"PROREMAPS.CO.UK - Unit 4, Whitacre Industrial Park Whitacre Str, HUDDERSFIELD",310,Cost of Goods Sold,DIRECTCOSTS,EXPENSE,74.16,INPUT2
2026-04-10,SPEND bank txn,7e56a9cd-7963-4395-9d03-3981d32c172a,Youlend,YOULEND ref: ,900,You Lend Loan,TERMLIAB,LIABILITY,78.88,NONE
2026-02-27,SPEND bank txn,7e6ff469-47b9-46bb-85d2-a337a631c0ea,CAPIFY,CAPIFY ref: ,864,CAPIFY UK LLC,TERMLIAB,LIABILITY,49.16,NONE
2026-01-15,SPEND bank txn,7e80d8a9-55ba-45be-84af-5f86ced47bff,Youlend,YOULEND ref: ,900,You Lend Loan,TERMLIAB,LIABILITY,78.88,NONE
2025-12-31,SPEND bank txn,7fb7142d-2d2e-450f-bf63-cdd095f45ea0,Youlend,YOULEND ref: ,900,You Lend Loan,TERMLIAB,LIABILITY,78.88,NONE
2025-12-01,SPEND bank txn,800d47ef-00cb-4a6b-a84f-555a2a2f53e8,DVLA-FR13BNX,DVLA-FR13BNX ref: ,325,Direct Expenses,DIRECTCOSTS,EXPENSE,18.37,NONE
2026-03-20,SPEND bank txn,8010b676-0431-4907-91f4-074cc4afd89d,Youlend,YOULEND ref: ,900,You Lend Loan,TERMLIAB,LIABILITY,78.88,NONE
2026-02-06,SPEND bank txn,8095905e-ceec-45f8-8dd9-ca0abae98612,Youlend,YOULEND ref: ,900,You Lend Loan,TERMLIAB,LIABILITY,78.88,NONE
2026-01-30,SPEND bank txn,816d22eb-99b9-4e91-8d13-ba24378a5990,SCOTT FILL,Scott Fill ref: ,814,Wages Payable - Payroll,CURRLIAB,LIABILITY,400,NONE
2025-12-05,SPEND bank txn,8179f461-23c8-4616-977d-87ebe1c30137,RETAIL MOTOR IND F,RETAIL MOTOR IND F ref: ,485,Subscriptions,OVERHEADS,EXPENSE,153.5,NONE
2026-01-03,SPEND bank txn,81ebb309-447a-4a9a-97c0-7401a16dcec7,Credit Flex,CREDIT_FLEX_FASANARA_COLLECTIONS,917,Credit Flex 3000,CURRLIAB,LIABILITY,812.88,NONE
2026-03-03,SPEND bank txn,81ef5fd8-b7e6-4995-8227-c5a8b3d2ea1c,MARKETPLACE MERCHA,MARKETPLACE MERCHA ref: ,400,Advertising & Marketing,OVERHEADS,EXPENSE,36,NONE
2026-02-10,SPEND bank txn,81f79060-eaa7-4f08-a291-f503dcf5aaf6,Credit Flex,CREDIT_FLEX_FASANARA_COLLECTIONS,913,Credit Flex 916.43,CURRLIAB,LIABILITY,249.06,NONE
2025-11-10,SPEND bank txn,8221e456-5ca5-49d0-a283-6b2bdf17a8a8,Youlend,YOULEND ref: ,900,You Lend Loan,TERMLIAB,LIABILITY,78.88,NONE
2026-03-01,SPEND bank txn,82b412a9-a621-405d-8022-650c634ca149,Bank fee,Fees: Bank transfer and Direct Debit for last month (20p per transaction),404,Bank Fees,OVERHEADS,EXPENSE,69.99,EXEMPTINPUT
2025-11-05,SPEND bank txn,8321e698-27c6-4b69-b5b7-4fd31b3b2f7a,RETAIL MOTOR IND F,RETAIL MOTOR IND F ref: ,485,Subscriptions,OVERHEADS,EXPENSE,153.5,NONE
2026-03-10,SPEND bank txn,840fbe94-ffe4-47e0-a837-b5ffca124727,CAPIFY,CAPIFY ref: ,864,CAPIFY UK LLC,TERMLIAB,LIABILITY,49.16,NONE
2026-03-16,SPEND bank txn,84adcb84-e9a9-4e9d-82f8-ea9af31ab837,CAPIFY,CAPIFY ref: ,864,CAPIFY UK LLC,TERMLIAB,LIABILITY,49.16,NONE
2026-04-24,SPEND bank txn,84e82d58-0bc2-454f-9b0e-51e200ec4813,The Searchpoint Group,"THE SEARCHPOINT GROUP - Earl Business CentreDowry Street, OLDHAM",400,Advertising & Marketing,OVERHEADS,EXPENSE,60,NONE
2026-04-23,SPEND bank txn,85d74ea0-c2e9-41fa-8924-b8a661711111,Credit Flex,CREDIT_FLEX_FASANARA_COLLECTIONS,923,Credit Flex 828,CURRLIAB,LIABILITY,110.35,NONE
2026-03-31,SPEND bank txn,85da27d9-435c-4c35-b5ab-fb1f6f8de5be,REECE RILEY,Reece Riley ref: ,814,Wages Payable - Payroll,CURRLIAB,LIABILITY,500,NONE
2025-12-17,SPEND bank txn,8608d3a0-95d3-4c7f-8839-b9eef8e61d7f,General Traffic,,310,Cost of Goods Sold,DIRECTCOSTS,EXPENSE,5000,INPUT2
2026-03-06,SPEND bank txn,8693a034-05ff-4943-8f4c-13dd02b19022,Credit Flex,CREDIT_FLEX_FASANARA_COLLECTIONS,918,Credit Flex 3800,CURRLIAB,LIABILITY,388.62,NONE
2026-04-23,SPEND bank txn,86a71c17-bb5f-49e0-9639-d42644f8d73a,dvsa,,325,Direct Expenses,DIRECTCOSTS,EXPENSE,102.5,NONE
2026-03-19,SPEND bank txn,86f01dcf-91b9-444a-ab02-a16e00e94748,Napa Auto Parts,,310,Cost of Goods Sold,DIRECTCOSTS,EXPENSE,986.7,INPUT2
2025-11-24,SPEND bank txn,8718dd77-d077-4fec-9914-57079b7cf5ad,BIFFA WASTE SERVIC,BIFFA WASTE SERVIC ref: ,408,Cleaning,OVERHEADS,EXPENSE,126.34,INPUT2
2025-11-08,SPEND bank txn,8747b2ca-968a-449e-89bc-cdcaa40cbdd8,A-Z Motor Spares,"A-Z Motor Spares Ltd - A-Z Motor Spares Ltd Old Fieldhouse Lane, Huddersfield",310,Cost of Goods Sold,DIRECTCOSTS,EXPENSE,157.56,INPUT2
2026-02-24,SPEND bank txn,888ab2dc-eb46-4828-bd63-e7aa420fa6f7,CLOSE-KONSILEO,CLOSE-KONSILEO ref: ,433,Insurance,OVERHEADS,EXPENSE,875.71,EXEMPTINPUT
2025-11-04,SPEND bank txn,88a63502-caef-4d5f-9646-ee7c0c044130,THORNTON BREAKERS,,310,Cost of Goods Sold,DIRECTCOSTS,EXPENSE,1860,INPUT2
2026-03-22,SPEND bank txn,896010d9-cf3d-46da-aa4b-84a9a32d8132,PROREMAPS,"PROREMAPS.CO.UK - Unit 4, Whitacre Industrial Park Whitacre Str, HUDDERSFIELD",310,Cost of Goods Sold,DIRECTCOSTS,EXPENSE,49.44,INPUT2
2026-01-07,SPEND bank txn,89657b0e-af38-47bf-bcc7-d70f203d8e3d,Youlend,YOULEND ref: ,900,You Lend Loan,TERMLIAB,LIABILITY,78.88,NONE
2026-06-22,SPEND bank txn,899b6738-e8fd-40f9-ac02-43cd47c6d8fe,Credit Flex,CREDIT_FLEX_FASANARA_COLLECTIONS,915,Credit Flex 1650,CURRLIAB,LIABILITY,50.34,NONE
2025-11-13,SPEND bank txn,89b212ec-a8d6-4eed-8f1b-2333f03504c2,JOANNE ELIZABETH,,612,Sales Control Account,CURRENT,ASSET,167,NONE
2025-12-12,SPEND bank txn,8aa2680e-f7e5-4fe2-ae6d-788297fb214b,CAPIFY,CAPIFY ref: ,864,CAPIFY UK LLC,TERMLIAB,LIABILITY,49.16,NONE
2026-04-14,SPEND bank txn,8aea75da-bd4b-480c-a4cb-4ef0de23cba1,Alliance automotive UK LV ltd,VAT: GB945169595,310,Cost of Goods Sold,DIRECTCOSTS,EXPENSE,250,INPUT2
2025-12-05,SPEND bank txn,8b57bc5e-590c-4a66-a3b6-38ffd08fd13c,General Traffic,,310,Cost of Goods Sold,DIRECTCOSTS,EXPENSE,10000,INPUT2
2026-01-13,SPEND bank txn,8b705700-b985-4beb-a10f-14bef27ba663,CAPIFY,CAPIFY ref: ,864,CAPIFY UK LLC,TERMLIAB,LIABILITY,49.16,NONE
2025-12-05,SPEND bank txn,8b9603bf-8f7b-4555-93a6-e836c00bcc2d,CAPITAL ON TAP,CAPITAL ON TAP ref: ,835,Directors' Loan Account,CURRLIAB,LIABILITY,800.95,NONE
2025-12-12,SPEND bank txn,8baaa817-f685-4b41-ae36-e8616b3d66a3,TPS Huddersfield,"VWG-HUDDERSFIELD TPS - UNIT F, HUDDERSFIELD",310,Cost of Goods Sold,DIRECTCOSTS,EXPENSE,435.48,INPUT2
2026-04-02,SPEND bank txn,8bc11da4-3b79-46eb-aa74-7b044c199746,J WRIGHT AND SONS,,310,Cost of Goods Sold,DIRECTCOSTS,EXPENSE,144,NONE
2026-03-02,SPEND bank txn,8bc62632-fcc4-4769-a86b-6a87021495d3,MORE THAN ACCOUNT,MORE THAN ACCOUNT ref: ,401,Audit & Accountancy fees,OVERHEADS,EXPENSE,780,INPUT2
2025-11-03,SPEND bank txn,8c13a180-a5b4-4162-b657-644d48534f12,DAISY,DAISY ref: ,489,Telephone & Internet,OVERHEADS,EXPENSE,42.72,INPUT2
2026-05-06,SPEND bank txn,8c96464b-2ac5-4b9d-816c-519efb0fb700,Credit Flex,CREDIT_FLEX_FASANARA_COLLECTIONS,918,Credit Flex 3800,CURRLIAB,LIABILITY,204.16,NONE
2025-12-01,SPEND bank txn,8c9ab150-abaa-4977-b719-3d2a85789a45,MORE THAN ACCOUNT,MORE THAN ACCOUNT ref: ,401,Audit & Accountancy fees,OVERHEADS,EXPENSE,760.8,INPUT2
2026-01-06,SPEND bank txn,8d02c913-c4f8-46d8-94c7-fab458a58c93,REECE RILEY,Reece Riley ref: ,814,Wages Payable - Payroll,CURRLIAB,LIABILITY,50,NONE
2026-04-13,SPEND bank txn,8f9b6aaf-31eb-4f90-8290-eb511610629e,Alliance automotive UK LV ltd,VAT: GB945169595,310,Cost of Goods Sold,DIRECTCOSTS,EXPENSE,300,INPUT2
2026-03-09,SPEND bank txn,8fe82914-9808-4ea3-a895-34abe724ad42,Youlend,YOULEND ref: ,900,You Lend Loan,TERMLIAB,LIABILITY,78.88,NONE
2026-03-06,SPEND bank txn,8ffe79c8-2bb5-4423-9e9e-1c7a669901a7,Napa Auto Parts,,310,Cost of Goods Sold,DIRECTCOSTS,EXPENSE,383.94,INPUT2
2025-12-22,SPEND bank txn,903f61f7-d2ac-4a45-901a-e52c23b80138,BOOKMYGARAGE,,310,Cost of Goods Sold,DIRECTCOSTS,EXPENSE,48,NONE
2026-04-23,SPEND bank txn,90412a05-4398-4a9e-b86a-7e3fcbfa24bb,Mr R A Billings,Mr R A Billings ref: ,835,Directors' Loan Account,CURRLIAB,LIABILITY,108,NONE
2025-11-05,SPEND bank txn,91ea0e78-997b-4f7e-94ef-c48c63706a10,SCOTT FILL,Scott Fill ref: ,814,Wages Payable - Payroll,CURRLIAB,LIABILITY,250,NONE
2026-02-13,SPEND bank txn,92254605-3288-489b-8c6d-d7955595b5cc,PROREMAPS,"PROREMAPS.CO.UK - Unit 4, Whitacre Industrial Park Whitacre Str, HUDDERSFIELD",310,Cost of Goods Sold,DIRECTCOSTS,EXPENSE,74.16,INPUT2
2026-02-20,SPEND bank txn,924f23ba-a465-4fa9-a2fd-16404f3d3f74,Youlend,YOULEND ref: ,900,You Lend Loan,TERMLIAB,LIABILITY,78.88,NONE
2025-12-24,SPEND bank txn,926695af-d14d-40b2-9ce2-b109d0fff98f,CAPIFY,CAPIFY ref: ,864,CAPIFY UK LLC,TERMLIAB,LIABILITY,49.16,NONE
2026-01-12,SPEND bank txn,9283f639-b384-40e2-ac19-3ac19c841c8e,TAKEPAYMENTS LTD,,485,Subscriptions,OVERHEADS,EXPENSE,1.2,EXEMPTINPUT
2026-04-30,SPEND bank txn,9289b308-14f8-45f9-8637-268093804c13,CAPIFY,CAPIFY ref: ,864,CAPIFY UK LLC,TERMLIAB,LIABILITY,49.16,NONE
2026-01-20,SPEND bank txn,92fc61c0-beef-4037-b419-80fba3145a0e,Youlend,YOULEND ref: ,900,You Lend Loan,TERMLIAB,LIABILITY,78.88,NONE
2026-06-23,SPEND bank txn,9303b7e2-828c-4f4e-8394-4ea5ba32184e,Credit Flex,CREDIT_FLEX_FASANARA_COLLECTIONS,923,Credit Flex 828,CURRLIAB,LIABILITY,12.79,NONE
2026-03-17,SPEND bank txn,9323b60c-3322-4109-8270-99a68b5d85e4,Youlend,YOULEND ref: ,900,You Lend Loan,TERMLIAB,LIABILITY,78.88,NONE
2025-12-08,SPEND bank txn,93508622-bd89-4b40-b158-886e4897d5e5,SCOTT FILL,Scott Fill ref: ,814,Wages Payable - Payroll,CURRLIAB,LIABILITY,100,NONE
2025-12-10,SPEND bank txn,93eb0955-1e38-493c-ba23-83c59c5a554e,Credit Flex,CREDIT_FLEX_FASANARA_COLLECTIONS,913,Credit Flex 916.43,CURRLIAB,LIABILITY,248.32,NONE
2026-03-19,SPEND bank txn,942f0024-f2e7-415c-82be-c5ffba81192e,Alliance automotive UK LV ltd,VAT: GB945169595,310,Cost of Goods Sold,DIRECTCOSTS,EXPENSE,1000,INPUT2
2026-02-03,SPEND bank txn,951509c7-3b9c-4738-aaea-1d404772e758,Credit Flex,CREDIT_FLEX_FASANARA_COLLECTIONS,917,Credit Flex 3000,CURRLIAB,LIABILITY,812.88,NONE
2025-11-09,SPEND bank txn,95f377d0-7f68-4236-95b3-3f8f4a6163f7,SARAH SCHOFIELd,Sarah Schofield ref: ,310,Cost of Goods Sold,DIRECTCOSTS,EXPENSE,380,INPUT2
2025-11-14,SPEND bank txn,95fc95f1-ba1f-4959-acd6-94dde393a506,FDMS,FDMS ref: ,485,Subscriptions,OVERHEADS,EXPENSE,54.8,INPUT2
2026-02-20,SPEND bank txn,96209ba6-4b30-4268-a702-1373485c2d2a,CAPIFY,CAPIFY ref: ,864,CAPIFY UK LLC,TERMLIAB,LIABILITY,49.16,NONE
2025-12-08,SPEND bank txn,96aeaf75-b42e-429b-89cf-aedac4aaca7c,CAPIFY,CAPIFY ref: ,864,CAPIFY UK LLC,TERMLIAB,LIABILITY,49.16,NONE
2026-04-26,SPEND bank txn,971014a9-0953-4310-a35d-eac2c845d3f3,Credit Flex,CREDIT_FLEX_FASANARA_COLLECTIONS,921,Credit Flex 3500,CURRLIAB,LIABILITY,357.94,NONE
2026-02-25,SPEND bank txn,974936a8-0ed8-4508-a1d9-8d019acfada3,dvsa,,325,Direct Expenses,DIRECTCOSTS,EXPENSE,102.5,NONE
2026-03-26,SPEND bank txn,977492d4-401f-415f-a393-dbb1af2efd99,Youlend,YOULEND ref: ,900,You Lend Loan,TERMLIAB,LIABILITY,78.88,NONE
2026-02-16,SPEND bank txn,9787743d-8c61-4f12-9a60-6e2a8faf9fb4,BOOKMYGARAGE,,310,Cost of Goods Sold,DIRECTCOSTS,EXPENSE,24,NONE
2026-06-06,SPEND bank txn,97c1189b-63af-4500-bc85-9c4199086212,Credit Flex,CREDIT_FLEX_FASANARA_COLLECTIONS,918,Credit Flex 3800,CURRLIAB,LIABILITY,388.62,NONE
2026-05-05,SPEND bank txn,97d7c14a-ef02-4cf1-9199-a3e0eaed2fc8,BOOKMYGARAGE,,310,Cost of Goods Sold,DIRECTCOSTS,EXPENSE,24,NONE
2026-01-16,SPEND bank txn,989c78d7-55c3-48d6-bb2f-bbb038632ad0,TPS Huddersfield,"VWG-HUDDERSFIELD TPS - UNIT F, HUDDERSFIELD",310,Cost of Goods Sold,DIRECTCOSTS,EXPENSE,69.55,INPUT2
2026-03-23,SPEND bank txn,989d6068-aed2-4ab8-ab31-48195d114f50,BIFFA WASTE SERVIC,BIFFA WASTE SERVIC ref: ,408,Cleaning,OVERHEADS,EXPENSE,157.92,INPUT2
2026-03-02,SPEND bank txn,9913b57b-11da-4834-898b-e0277e55cec8,CAPIFY,CAPIFY ref: ,864,CAPIFY UK LLC,TERMLIAB,LIABILITY,49.16,NONE
2025-11-05,SPEND bank txn,993c459d-469a-4b42-8e3f-09bb5328894a,CAPITAL ON TAP,CAPITAL ON TAP ref: ,835,Directors' Loan Account,CURRLIAB,LIABILITY,856.46,NONE
2026-02-24,SPEND bank txn,994132cd-33c5-46b5-990f-64f2832539ca,Youlend,YOULEND ref: ,900,You Lend Loan,TERMLIAB,LIABILITY,78.88,NONE
2026-03-30,SPEND bank txn,99ef62af-40e7-4a9d-8cda-29adf26b3f51,BOOKMYGARAGE,,310,Cost of Goods Sold,DIRECTCOSTS,EXPENSE,24,NONE
2026-01-20,SPEND bank txn,9a2eb4c8-9513-4e7b-a4d0-1d59a1fd8470,CAPIFY,CAPIFY ref: ,864,CAPIFY UK LLC,TERMLIAB,LIABILITY,49.16,NONE
2026-04-22,SPEND bank txn,9aeac8db-6c93-4607-be1b-25f55b5bcd0a,Napa Auto Parts,,310,Cost of Goods Sold,DIRECTCOSTS,EXPENSE,507.88,INPUT2
2025-11-27,SPEND bank txn,9b76eefb-dc92-4519-ae3c-ef795bc03fc4,CAPIFY,CAPIFY ref: ,864,CAPIFY UK LLC,TERMLIAB,LIABILITY,49.16,NONE
2026-01-20,SPEND bank txn,9bcb2025-ffb6-43b6-b9db-fb5e89bac930,EMS,EMS ref: ,485,Subscriptions,OVERHEADS,EXPENSE,53,INPUT2
2025-11-04,SPEND bank txn,9bd59cfd-47eb-4d00-882f-0b51b8d7135f,MOT MANAGER,VAT No 240 4408 43.,485,Subscriptions,OVERHEADS,EXPENSE,150,INPUT2
2025-12-05,SPEND bank txn,9bfb598e-d621-4261-b0a3-f2002e0baa4d,SCOTT FILL,Scott Fill ref: ,814,Wages Payable - Payroll,CURRLIAB,LIABILITY,250,NONE
2026-03-02,SPEND bank txn,9c15bb95-43f6-4fcc-9962-d1dd54ce94f0,Credit Flex,CREDIT_FLEX_FASANARA_COLLECTIONS,916,Credit Flex - 760.80,CURRLIAB,LIABILITY,141.84,NONE
2026-01-26,SPEND bank txn,9c2b59ac-f61c-4bf1-8077-d9f297e623e3,SCOTT FILL,Scott Fill ref: ,814,Wages Payable - Payroll,CURRLIAB,LIABILITY,300,NONE
2025-12-18,SPEND bank txn,9c888202-81d3-4985-892d-111828f1db18,Amazon,"AMZNMktplace*Z33UX91D4 - 1 Principal Pl, Worship St, LONDON",310,Cost of Goods Sold,DIRECTCOSTS,EXPENSE,3.99,INPUT2
2026-01-14,SPEND bank txn,9c8a1a30-122a-4e99-a2bd-22dee69d3760,Amazon,"AMZNMktplace*Z33UX91D4 - 1 Principal Pl, Worship St, LONDON",310,Cost of Goods Sold,DIRECTCOSTS,EXPENSE,22.99,INPUT2
2026-01-27,SPEND bank txn,9ca7e6b2-8c8f-4e0d-abc5-2bc8a6266162,JOHNSONS WORKWEAR 1,VAT: GB825489105,492,Workwear,EXPENSE,EXPENSE,94.8,INPUT2
2025-12-19,SPEND bank txn,9cecbdac-f36c-4e84-8a11-c9f8d09c729f,REECE RILEY,Reece Riley ref: ,814,Wages Payable - Payroll,CURRLIAB,LIABILITY,1650,NONE
2025-12-16,SPEND bank txn,9cf8ea7c-ead6-4f93-b513-1566f7ddc658,PROREMAPS,"PROREMAPS.CO.UK - Unit 4, Whitacre Industrial Park Whitacre Str, HUDDERSFIELD",310,Cost of Goods Sold,DIRECTCOSTS,EXPENSE,74.16,INPUT2
2026-04-01,SPEND bank txn,9d940645-f1ae-4cba-b4a0-b7a03f18ef67,PROREMAPS,,310,Cost of Goods Sold,DIRECTCOSTS,EXPENSE,74.16,INPUT2
2026-03-27,SPEND bank txn,9dc1b1c5-d400-4d41-9753-4c394dec9123,Youlend,YOULEND ref: ,900,You Lend Loan,TERMLIAB,LIABILITY,78.88,NONE
2025-11-21,SPEND bank txn,9e0e2ce7-d60b-4254-919c-d63dac3e9f13,ICONIC MEDIA,GB 343968563,400,Advertising & Marketing,OVERHEADS,EXPENSE,30,INPUT2
2026-04-10,SPEND bank txn,9e82073c-1845-49ac-ab5d-9e8996739c6d,Youlend,YOULEND ref: ,900,You Lend Loan,TERMLIAB,LIABILITY,78.88,NONE
2026-03-12,SPEND bank txn,9e9b10de-e6f2-445e-bb61-e2ab2447f171,CLEARBUSINESS,Subscription for payments solution provider ,485,Subscriptions,OVERHEADS,EXPENSE,18,INPUT2
2026-03-03,SPEND bank txn,9ff14b00-750e-4bed-9bb0-e4cd996cf130,Youlend,YOULEND ref: ,900,You Lend Loan,TERMLIAB,LIABILITY,78.88,NONE
2026-01-05,SPEND bank txn,a02afd6c-b4ac-49f9-8575-cff3170df69e,Iwoca,"WWW.IWOCA.CO.UK - Central Court 25 Southampton Buildings C/O Ci, LONDON",901,IWOCA Loan,TERMLIAB,LIABILITY,2620.31,NONE
2025-12-03,SPEND bank txn,a0f7409e-f664-42b6-968f-ee75a72832f3,CAPIFY,CAPIFY ref: ,864,CAPIFY UK LLC,TERMLIAB,LIABILITY,49.16,NONE
2026-04-01,SPEND bank txn,a1143e5d-21a1-4ee6-9433-f19f4b27b655,GOCARDLESS,,400,Advertising & Marketing,OVERHEADS,EXPENSE,28.55,INPUT2
2026-01-02,SPEND bank txn,a14bb278-4dd0-46ed-b18e-42c1b3e3b809,DVLA-FR13BNX,DVLA-FR13BNX ref: ,325,Direct Expenses,DIRECTCOSTS,EXPENSE,18.37,NONE
2026-02-17,SPEND bank txn,a1a4f0d3-5877-404a-9f88-731d0708b5a1,Youlend,YOULEND ref: ,900,You Lend Loan,TERMLIAB,LIABILITY,78.88,NONE
2026-03-23,SPEND bank txn,a210f28f-4665-4763-bca1-ccd0ade81bf8,Youlend,YOULEND ref: ,900,You Lend Loan,TERMLIAB,LIABILITY,78.88,NONE
2025-11-18,SPEND bank txn,a2964e49-82c6-43ca-a8e8-eb32df47ac4d,Youlend,YOULEND ref: ,900,You Lend Loan,TERMLIAB,LIABILITY,78.88,NONE
2025-11-03,SPEND bank txn,a2cec756-4cdb-4238-ad42-f97aa2790255,CAPIFY,CAPIFY ref: ,864,CAPIFY UK LLC,TERMLIAB,LIABILITY,49.16,NONE
2026-03-06,SPEND bank txn,a33786a4-6de1-4578-9ad4-1177a6bb89a7,Youlend,YOULEND ref: ,900,You Lend Loan,TERMLIAB,LIABILITY,78.88,NONE
2025-12-05,SPEND bank txn,a39c3dad-5fb3-46bd-8b6e-32697596b4bf,PROREMAPS,"PROREMAPS.CO.UK - Unit 4, Whitacre Industrial Park Whitacre Str, HUDDERSFIELD",310,Cost of Goods Sold,DIRECTCOSTS,EXPENSE,74.16,INPUT2
2026-01-09,SPEND bank txn,a3fe3792-c129-4655-aa04-652124da1a28,Youlend,YOULEND ref: ,900,You Lend Loan,TERMLIAB,LIABILITY,78.88,NONE
2026-05-17,SPEND bank txn,a4913976-620c-4d77-af7f-7ff4bdf8ded4,Credit Flex,CREDIT_FLEX_FASANARA_COLLECTIONS,922,Credit Flex 850,CURRLIAB,LIABILITY,158.47,NONE
2025-11-01,SPEND bank txn,a4fc05e9-9350-4d12-8a26-e33318a48039,Bank fee,Fees: Bank transfer and Direct Debit for last month (20p per transaction),404,Bank Fees,OVERHEADS,EXPENSE,69.99,EXEMPTINPUT
2026-01-01,SPEND bank txn,a5368a4c-e66f-4db2-951c-c41ab058d876,DEBT & REVENUE SERVICE,,825,PAYE Payable,CURRLIAB,LIABILITY,323.3,NONE
2025-12-14,SPEND bank txn,a551ec2c-51c7-47f5-92d4-8a0fcaf1aa5d,SCOTT FILL,Scott Fill ref: ,814,Wages Payable - Payroll,CURRLIAB,LIABILITY,200,NONE
2026-02-12,SPEND bank txn,a572eb5b-17a1-4db0-87eb-e13873a3faa6,PROREMAPS,"PROREMAPS.CO.UK - Unit 4, Whitacre Industrial Park Whitacre Str, HUDDERSFIELD",310,Cost of Goods Sold,DIRECTCOSTS,EXPENSE,74.16,INPUT2
2026-03-04,SPEND bank txn,a5b66a58-3362-45cf-bef7-48496d1ef493,GOCARDLESS,,400,Advertising & Marketing,OVERHEADS,EXPENSE,28.55,INPUT2
2026-02-12,SPEND bank txn,a5d157b8-ede9-49f8-ab36-23a3f7f4a7f1,CLEARBUSINESS,Subscription for payments solution provider ,485,Subscriptions,OVERHEADS,EXPENSE,18,INPUT2
2026-03-04,SPEND bank txn,a687bf3f-f605-4577-8c37-97d68011bd1d,CAPIFY,CAPIFY ref: ,864,CAPIFY UK LLC,TERMLIAB,LIABILITY,49.16,NONE
2026-02-24,SPEND bank txn,a692db78-a7cd-40c6-9045-d342263b5575,The Searchpoint Group,"THE SEARCHPOINT GROUP - Earl Business CentreDowry Street, OLDHAM",400,Advertising & Marketing,OVERHEADS,EXPENSE,60,NONE
2025-10-31,SPEND bank txn,a6f658a7-82aa-4786-a9b1-a1d8e51fb15b,Youlend,YOULEND ref: ,900,You Lend Loan,TERMLIAB,LIABILITY,78.88,NONE
2026-06-24,SPEND bank txn,a7dd22e2-0593-4940-a8f1-b01998881327,Credit Flex,CREDIT_FLEX_FASANARA_COLLECTIONS,923,Credit Flex 828,CURRLIAB,LIABILITY,80.84,NONE
2026-02-16,SPEND bank txn,a85a56eb-8043-4a1c-a2a1-935728d88562,Youlend,YOULEND ref: ,900,You Lend Loan,TERMLIAB,LIABILITY,78.88,NONE
2025-11-19,SPEND bank txn,a9c9a3ca-cd96-4a3e-93c8-91b6fe9fd1c4,Youlend,YOULEND ref: ,900,You Lend Loan,TERMLIAB,LIABILITY,78.88,NONE
2025-11-09,SPEND bank txn,a9fc3a01-6a37-4e42-9501-dfc891914a9e,MR S FILL,Mr s fill ref: ,319,Sub-contractor Costs,DIRECTCOSTS,EXPENSE,400,NONE
2026-04-30,SPEND bank txn,aa5f3951-1e2a-4b57-ac4a-58e3fb18b4be,Amazon,"AMZNMktplace*Z33UX91D4 - 1 Principal Pl, Worship St, LONDON",310,Cost of Goods Sold,DIRECTCOSTS,EXPENSE,19.99,INPUT2
2026-03-26,SPEND bank txn,aa7c63c9-5546-4e8d-9ec0-c423082b4003,Credit Flex,CREDIT_FLEX_FASANARA_COLLECTIONS,921,Credit Flex 3500,CURRLIAB,LIABILITY,357.94,NONE
2025-11-08,SPEND bank txn,aab9f885-315c-46e2-bf08-1eaa6a7c2405,dvsa,,325,Direct Expenses,DIRECTCOSTS,EXPENSE,102.5,NONE
2026-01-15,SPEND bank txn,aae3fe56-df92-47d0-8a96-cfb662626c7e,Amazon,"AMZNMktplace*Z33UX91D4 - 1 Principal Pl, Worship St, LONDON",310,Cost of Goods Sold,DIRECTCOSTS,EXPENSE,25.99,INPUT2
2026-01-22,SPEND bank txn,aae930fd-1a02-4a9d-90b5-4652051618a5,Youlend,YOULEND ref: ,900,You Lend Loan,TERMLIAB,LIABILITY,78.88,NONE
2025-12-16,SPEND bank txn,ab14465d-dcc6-446d-a618-1dbc2c355682,PROREMAPS,"PROREMAPS.CO.UK - Unit 4, Whitacre Industrial Park Whitacre Str, HUDDERSFIELD",310,Cost of Goods Sold,DIRECTCOSTS,EXPENSE,49.44,INPUT2
2026-04-20,SPEND bank txn,ab6706c1-29a9-4cf1-abe0-bb197095cfb8,EMS,EMS ref: ,485,Subscriptions,OVERHEADS,EXPENSE,53,INPUT2
2025-11-18,SPEND bank txn,ab79fb11-a7cd-4d09-bad3-75034ff759a1,Business waste Ltd,,408,Cleaning,OVERHEADS,EXPENSE,108,INPUT2
2026-03-26,SPEND bank txn,aba26159-8822-4d19-a04e-bc79083c12cd,CAPIFY,CAPIFY ref: ,864,CAPIFY UK LLC,TERMLIAB,LIABILITY,49.16,NONE
2025-12-30,SPEND bank txn,abebcf94-f294-4d39-8638-fcd06203d33a,PROREMAPS,"PROREMAPS.CO.UK - Unit 4, Whitacre Industrial Park Whitacre Str, HUDDERSFIELD",310,Cost of Goods Sold,DIRECTCOSTS,EXPENSE,74.16,INPUT2
2026-03-18,SPEND bank txn,ad472663-36be-4ba9-a600-8297a0089644,EMS,EMS ref: ,485,Subscriptions,OVERHEADS,EXPENSE,53,INPUT2
2025-11-03,SPEND bank txn,ad47a5a1-98d6-44ec-b7f6-d57b2efb50f8,DVLA-N15NAH,DVLA-N15NAH ref: ,325,Direct Expenses,DIRECTCOSTS,EXPENSE,22.31,NONE
2026-05-26,SPEND bank txn,ae2087e9-4d11-4a23-8f79-4177693e79d2,MAXIMISE CAPITAL FINANCE LTD,,907,Loan - MAXCAP,TERMLIAB,LIABILITY,1136,NONE
2026-04-17,SPEND bank txn,ae213290-ea5d-4f96-a446-9cf78b0702d8,Credit Flex,CREDIT_FLEX_FASANARA_COLLECTIONS,922,Credit Flex 850,CURRLIAB,LIABILITY,143.63,NONE
2025-12-30,SPEND bank txn,ae3c2c89-b011-415b-a92e-399d56627f91,Youlend,YOULEND ref: ,900,You Lend Loan,TERMLIAB,LIABILITY,78.88,NONE
2026-02-20,SPEND bank txn,ae46e6d7-cca5-46b8-b930-3672897ac9a6,ICONIC MEDIA,GB 343968563,400,Advertising & Marketing,OVERHEADS,EXPENSE,30,INPUT2
2026-01-29,SPEND bank txn,ae4c02e5-af51-4d8f-a83f-670317ce464d,Alliance automotive UK LV ltd,VAT: GB945169595,310,Cost of Goods Sold,DIRECTCOSTS,EXPENSE,390,INPUT2
2026-03-21,SPEND bank txn,ae4e5871-9fb7-44a5-a848-7ae96bb2a713,REECE RILEY,Reece Riley ref: ,814,Wages Payable - Payroll,CURRLIAB,LIABILITY,50,NONE
2025-12-05,SPEND bank txn,ae7b885f-2c2f-49a0-8375-71400a1d9e1d,Learn About Limited,"LEARN ABOUT LTD - Newminster House, 27-29 Baldwin Street, BRISTOL",480,Staff Training,OVERHEADS,EXPENSE,399,NONE
2026-02-12,SPEND bank txn,ae99296f-60ea-4c2c-8488-48829aa16b1e,Youlend,YOULEND ref: ,900,You Lend Loan,TERMLIAB,LIABILITY,78.88,NONE
2026-07-02,SPEND bank txn,aee423e4-2cee-46b9-85ca-a85f7eee1f36,Credit Flex,CREDIT_FLEX_FASANARA_COLLECTIONS,916,Credit Flex - 760.80,CURRLIAB,LIABILITY,140.78,NONE
2026-01-23,SPEND bank txn,aeeee3f8-e477-47ca-bbc1-f58ccd068758,Youlend,YOULEND ref: ,900,You Lend Loan,TERMLIAB,LIABILITY,78.88,NONE
2026-04-23,SPEND bank txn,afa1d9ed-4074-4583-b143-d99b710d1ae2,CAPIFY,CAPIFY ref: ,864,CAPIFY UK LLC,TERMLIAB,LIABILITY,97.49,NONE
2026-01-13,SPEND bank txn,b036a315-f64f-4ff1-a151-241b0f56caf2,SCOTT FILL,Scott Fill ref: ,814,Wages Payable - Payroll,CURRLIAB,LIABILITY,150,NONE
2026-01-13,SPEND bank txn,b0abc06e-9424-4d4a-a619-9f54b15fb459,Youlend,YOULEND ref: ,900,You Lend Loan,TERMLIAB,LIABILITY,78.88,NONE
2026-03-04,SPEND bank txn,b0b6e409-3d17-448c-ab7a-86c1120fe0ab,MOT MANAGER,VAT No 240 4408 43.,485,Subscriptions,OVERHEADS,EXPENSE,150,INPUT2
2026-01-10,SPEND bank txn,b0f0e100-43d1-48f8-a34c-4bc9f68a19b9,Credit Flex,CREDIT_FLEX_FASANARA_COLLECTIONS,913,Credit Flex 916.43,CURRLIAB,LIABILITY,248.32,NONE
2026-04-16,SPEND bank txn,b10ffeeb-ff5c-4d50-824b-dab5ab8f4d9e,PROREMAPS,"PROREMAPS.CO.UK - Unit 4, Whitacre Industrial Park Whitacre Str, HUDDERSFIELD",310,Cost of Goods Sold,DIRECTCOSTS,EXPENSE,49.44,INPUT2
2026-04-09,SPEND bank txn,b1d36756-03c5-4c2a-970c-78ec1a33cf55,Ian W Bentley Bulk Transport Ltd,Ian W Bentley Bulk Transport Ltd ref: ,469,Rent & Rates,OVERHEADS,EXPENSE,1200,INPUT2
2026-03-25,SPEND bank txn,b21fe7a4-9081-4d77-98dd-83105804856d,Youlend,YOULEND ref: ,900,You Lend Loan,TERMLIAB,LIABILITY,78.88,NONE
2026-03-24,SPEND bank txn,b230b80a-bc00-493e-a649-c95c5700d187,PROREMAPS,"PROREMAPS.CO.UK - Unit 4, Whitacre Industrial Park Whitacre Str, HUDDERSFIELD",310,Cost of Goods Sold,DIRECTCOSTS,EXPENSE,74.16,INPUT2
2026-03-17,SPEND bank txn,b2d859ef-7ce4-4947-9b8b-83db187215af,BOOKMYGARAGE,,310,Cost of Goods Sold,DIRECTCOSTS,EXPENSE,24,NONE
2026-03-24,SPEND bank txn,b35848df-b7b0-40ad-953c-8346d2d49307,CAPIFY,CAPIFY ref: ,864,CAPIFY UK LLC,TERMLIAB,LIABILITY,49.16,NONE
2026-02-10,SPEND bank txn,b3c4d3a9-4aa7-400a-aa7e-9c72cc104f9d,Youlend,YOULEND ref: ,900,You Lend Loan,TERMLIAB,LIABILITY,78.88,NONE
2025-11-05,SPEND bank txn,b3cb4f4d-fd3e-48e1-885b-61db967f3f1e,Youlend,YOULEND ref: ,900,You Lend Loan,TERMLIAB,LIABILITY,78.88,NONE
2025-12-01,SPEND bank txn,b45ac332-445e-4d3e-9c3c-6c9e791a037f,Miss K Hawley,Office supplies,461,Printing & Stationery,OVERHEADS,EXPENSE,298.78,NONE
2026-02-13,SPEND bank txn,b46fb3f6-8038-4742-8cd0-58a78ecb7e2a,dvsa,,325,Direct Expenses,DIRECTCOSTS,EXPENSE,102.5,NONE
2026-03-02,SPEND bank txn,b47c219c-f49c-470f-bc1a-e1e002192ca5,DVLA-J25SJF,DVLA-J25SJF ref: ,325,Direct Expenses,DIRECTCOSTS,EXPENSE,23.18,NONE
2026-04-01,SPEND bank txn,b47f038d-63f6-4769-80b1-5c474caad2df,DVLA-N15NAH,DVLA-N15NAH ref: ,325,Direct Expenses,DIRECTCOSTS,EXPENSE,23.18,NONE
2026-01-12,SPEND bank txn,b487a5f5-4e0b-4495-a1c2-5d6c07909d6c,CAPITAL ON TAP,CAPITAL ON TAP ref: ,835,Directors' Loan Account,CURRLIAB,LIABILITY,1490.21,NONE
2025-11-10,SPEND bank txn,b49a7e98-fdfe-44d1-9f58-502778677fbb,BOOKMYGARAGE,,310,Cost of Goods Sold,DIRECTCOSTS,EXPENSE,144,NONE
2026-02-23,SPEND bank txn,b541775d-af23-403f-9751-919092504974,SCOTT FILL,Scott Fill ref: ,814,Wages Payable - Payroll,CURRLIAB,LIABILITY,300,NONE
2025-12-10,SPEND bank txn,b5d23e8e-4512-471a-8c97-12612f703112,TAKEPAYMENTS LTD,,485,Subscriptions,OVERHEADS,EXPENSE,1.2,EXEMPTINPUT
2026-03-25,SPEND bank txn,b60613d3-86bc-4d5d-ba6c-f924e6d59f69,BOOKMYGARAGE,,310,Cost of Goods Sold,DIRECTCOSTS,EXPENSE,24,NONE
2026-05-11,SPEND bank txn,b6ebaa25-5c8b-4b97-9c58-f013e4444f6a,BOOKMYGARAGE,,310,Cost of Goods Sold,DIRECTCOSTS,EXPENSE,24,NONE
2026-04-29,SPEND bank txn,b762ccf9-0997-4be7-bf52-a842f6429165,Napa Auto Parts,,310,Cost of Goods Sold,DIRECTCOSTS,EXPENSE,400,INPUT2
2026-03-10,SPEND bank txn,b78e5e5a-ab56-4271-8117-a098ba0a73b0,Youlend,YOULEND ref: ,900,You Lend Loan,TERMLIAB,LIABILITY,78.88,NONE
2026-03-30,SPEND bank txn,b7aaa8ad-3acc-4af9-9df7-126f1b5b1977,CAPIFY,CAPIFY ref: ,864,CAPIFY UK LLC,TERMLIAB,LIABILITY,49.16,NONE
2025-12-10,SPEND bank txn,b7c8f067-9836-409b-bb8d-aebb66f0907d,JOHNSONS WORKWEAR 1,VAT: GB825489105,492,Workwear,EXPENSE,EXPENSE,75.84,INPUT2
2026-03-10,SPEND bank txn,b8bc3b98-bc24-46b4-93d2-93050d35f325,Forward security services ltd,Forward security services ltd ref: ,485,Subscriptions,OVERHEADS,EXPENSE,29.59,INPUT2
2026-01-12,SPEND bank txn,b8df5d46-1913-492c-a031-a4a045fd90bd,Youlend,YOULEND ref: ,900,You Lend Loan,TERMLIAB,LIABILITY,78.88,NONE
2026-04-17,SPEND bank txn,b8e516ab-6027-40f2-a68d-536add22017a,Credit Flex,CREDIT_FLEX_FASANARA_COLLECTIONS,922,Credit Flex 850,CURRLIAB,LIABILITY,14.84,NONE
2026-03-11,SPEND bank txn,b9b1cd98-db9e-42f3-8c2a-9cd945c87065,Youlend,YOULEND ref: ,900,You Lend Loan,TERMLIAB,LIABILITY,78.88,NONE
2026-03-26,SPEND bank txn,ba38983b-dad6-4e21-bf76-3061d0855077,Stapletons Tyre Services,,310,Cost of Goods Sold,DIRECTCOSTS,EXPENSE,237.66,INPUT2
2026-03-12,SPEND bank txn,bab9466c-f560-46ea-ba2d-3858fcc93d3b,Youlend,YOULEND ref: ,900,You Lend Loan,TERMLIAB,LIABILITY,78.88,NONE
2026-04-09,SPEND bank txn,bac685b0-c55d-4ac6-8768-8ab771a742c2,Ian W Bentley Bulk Transport Ltd,Ian W Bentley Bulk Transport Ltd ref: ,469,Rent & Rates,OVERHEADS,EXPENSE,1050,INPUT2
2026-02-03,SPEND bank txn,bac759c6-7405-45e0-aa36-d51b85ee9776,GOCARDLESS,,400,Advertising & Marketing,OVERHEADS,EXPENSE,28.55,INPUT2
2026-01-20,SPEND bank txn,baf2e918-e4ce-40ee-956a-e06a1ba7f40f,General Traffic,,310,Cost of Goods Sold,DIRECTCOSTS,EXPENSE,1000,INPUT2
2025-12-22,SPEND bank txn,bb232c79-31bb-4997-8c69-4bc45606cee9,Youlend,YOULEND ref: ,900,You Lend Loan,TERMLIAB,LIABILITY,78.88,NONE
2025-11-26,SPEND bank txn,bb2fbd84-9ad1-4ef6-971e-fa0aa363c82c,CAPIFY,CAPIFY ref: ,864,CAPIFY UK LLC,TERMLIAB,LIABILITY,49.16,NONE
2026-02-24,SPEND bank txn,bb9a72b0-0526-43c6-b38e-2097d16994fe,CAPIFY,CAPIFY ref: ,864,CAPIFY UK LLC,TERMLIAB,LIABILITY,49.16,NONE
2025-12-17,SPEND bank txn,bb9e3541-fec3-4e15-b630-8de4428a9380,SCOTT FILL,Scott Fill ref: ,814,Wages Payable - Payroll,CURRLIAB,LIABILITY,850,NONE
2025-11-25,SPEND bank txn,bc5b7226-8074-4c0a-95a7-ccd86dfe8f0e,CAPIFY,CAPIFY ref: ,864,CAPIFY UK LLC,TERMLIAB,LIABILITY,49.16,NONE
2026-03-03,SPEND bank txn,bc81f637-2df5-408b-a8e3-1dbc836eda09,DVLA-N15NAH,DVLA-N15NAH ref: ,325,Direct Expenses,DIRECTCOSTS,EXPENSE,23.27,NONE
2025-12-01,SPEND bank txn,bcf294e4-0900-4f11-9bbe-9274e9c76b94,DVLA-N15NAH,DVLA-N15NAH ref: ,325,Direct Expenses,DIRECTCOSTS,EXPENSE,22.31,NONE
2026-03-31,SPEND bank txn,bcff2043-59b7-4554-b979-ed26949757ac,Youlend,YOULEND ref: ,900,You Lend Loan,TERMLIAB,LIABILITY,78.88,NONE
2026-03-04,SPEND bank txn,bd43ff65-6b3e-474a-8ba2-580a89181a1d,Youlend,YOULEND ref: ,900,You Lend Loan,TERMLIAB,LIABILITY,78.88,NONE
2026-03-17,SPEND bank txn,be047c31-623d-47c5-be35-bbbe53eedc9a,dvsa,,325,Direct Expenses,DIRECTCOSTS,EXPENSE,102.5,NONE
2026-02-05,SPEND bank txn,be2e4145-a527-4866-ab2a-bf4afab8ae36,Youlend,YOULEND ref: ,900,You Lend Loan,TERMLIAB,LIABILITY,78.88,NONE
2026-01-27,SPEND bank txn,be9cbb25-e416-4097-a991-40c2f477753e,REECE RILEY,Reece Riley ref: ,814,Wages Payable - Payroll,CURRLIAB,LIABILITY,1650,NONE
2026-06-05,SPEND bank txn,beb8efc6-1ed1-4f8d-a42b-f627321f5879,Credit Flex,CREDIT_FLEX_FASANARA_COLLECTIONS,919,Credit Flex 950,CURRLIAB,LIABILITY,177.12,NONE
2025-11-24,SPEND bank txn,becddfb6-062d-44be-b7eb-6617712bcb50,Youlend,YOULEND ref: ,900,You Lend Loan,TERMLIAB,LIABILITY,78.88,NONE
2026-03-02,SPEND bank txn,bee85ce9-69e1-4b7b-b0ec-48b5b644c1eb,Youlend,YOULEND ref: ,900,You Lend Loan,TERMLIAB,LIABILITY,78.88,NONE
2026-07-06,SPEND bank txn,bf416257-5209-4dcb-9c44-7f05df1c54dc,Credit Flex,CREDIT_FLEX_FASANARA_COLLECTIONS,919,Credit Flex 950,CURRLIAB,LIABILITY,160.13,NONE
2026-01-30,SPEND bank txn,bf4d72f5-a0ab-49b0-929e-b571e704b53e,CAPIFY,CAPIFY ref: ,864,CAPIFY UK LLC,TERMLIAB,LIABILITY,49.16,NONE
2026-04-01,SPEND bank txn,bfc5fda3-0361-464d-b1e7-f47aec55c4e1,DVLA-FR13BNX,DVLA-FR13BNX ref: ,325,Direct Expenses,DIRECTCOSTS,EXPENSE,18.81,NONE
2026-01-13,SPEND bank txn,c0758b14-5c75-4f23-8cc8-c753f63a7359,PROREMAPS,"PROREMAPS.CO.UK - Unit 4, Whitacre Industrial Park Whitacre Str, HUDDERSFIELD",310,Cost of Goods Sold,DIRECTCOSTS,EXPENSE,49.44,INPUT2
2026-04-10,SPEND bank txn,c15e836d-0b06-41f2-9dd8-97beb8120224,Youlend,YOULEND ref: ,900,You Lend Loan,TERMLIAB,LIABILITY,78.88,NONE
2025-11-30,SPEND bank txn,c166212c-efb0-4a51-914d-3754533aae27,PROREMAPS,"PROREMAPS.CO.UK - Unit 4, Whitacre Industrial Park Whitacre Str, HUDDERSFIELD",310,Cost of Goods Sold,DIRECTCOSTS,EXPENSE,74.16,INPUT2
2026-01-02,SPEND bank txn,c199eedd-d0da-47d5-8f27-1b00552924de,DVLA-J25SJF,DVLA-J25SJF ref: ,325,Direct Expenses,DIRECTCOSTS,EXPENSE,23.18,NONE
2026-04-27,SPEND bank txn,c25e0e9b-33b1-46e3-aa44-3ec1a2d8d6de,Youlend,YOULEND ref: ,900,You Lend Loan,TERMLIAB,LIABILITY,78.88,NONE
2025-11-19,SPEND bank txn,c2ba6fe3-0f43-447d-8d79-36a37ab5fc7f,CAPIFY,CAPIFY ref: ,864,CAPIFY UK LLC,TERMLIAB,LIABILITY,49.16,NONE
2026-04-03,SPEND bank txn,c2df1d59-c4d6-417b-a219-e5e84d8b361f,Credit Flex,CREDIT_FLEX_FASANARA_COLLECTIONS,917,Credit Flex 3000,CURRLIAB,LIABILITY,160.35,NONE
2026-01-06,SPEND bank txn,c3a20672-a8cc-40ab-99bd-4f372e829c9b,Youlend,YOULEND ref: ,900,You Lend Loan,TERMLIAB,LIABILITY,78.88,NONE
2026-03-16,SPEND bank txn,c3f00f2e-8066-4ae1-80d7-c7c769dec866,Youlend,YOULEND ref: ,900,You Lend Loan,TERMLIAB,LIABILITY,78.88,NONE
2026-03-30,SPEND bank txn,c3f36c4c-d618-4543-a048-dc0ccda30444,Miss Lisa Davidson,,408,Cleaning,OVERHEADS,EXPENSE,130,NONE
2025-12-09,SPEND bank txn,c4a61bd7-f9b6-4359-9226-6f20aa4b8537,CAPIFY,CAPIFY ref: ,864,CAPIFY UK LLC,TERMLIAB,LIABILITY,49.16,NONE
2026-01-24,SPEND bank txn,c541985a-befd-4154-8390-7e0317b09b26,The Searchpoint Group,"THE SEARCHPOINT GROUP - Earl Business CentreDowry Street, OLDHAM",400,Advertising & Marketing,OVERHEADS,EXPENSE,60,NONE
2025-12-04,SPEND bank txn,c570939c-118d-4d62-92e5-e480277d8574,MOT MANAGER,VAT No 240 4408 43.,485,Subscriptions,OVERHEADS,EXPENSE,150,INPUT2
2026-02-06,SPEND bank txn,c5bbc6b7-36b3-436a-980d-2221bc03c15e,Learn About Limited,"LEARN ABOUT LTD - Newminster House, 27-29 Baldwin Street, BRISTOL",480,Staff Training,OVERHEADS,EXPENSE,399,NONE
2026-04-03,SPEND bank txn,c5d3570d-e56a-44eb-b1c0-a330344f864b,Credit Flex,CREDIT_FLEX_FASANARA_COLLECTIONS,917,Credit Flex 3000,CURRLIAB,LIABILITY,10,NONE
2026-02-06,SPEND bank txn,c61a1c12-bb3b-4b4c-9c7a-4558b63378cc,PROREMAPS,"PROREMAPS.CO.UK - Unit 4, Whitacre Industrial Park Whitacre Str, HUDDERSFIELD",310,Cost of Goods Sold,DIRECTCOSTS,EXPENSE,74.16,INPUT2
2025-11-14,SPEND bank txn,c7229146-fa02-4b6e-b7b6-70a03e7dab00,Youlend,YOULEND ref: ,900,You Lend Loan,TERMLIAB,LIABILITY,78.88,NONE
2026-06-23,SPEND bank txn,c72f9e44-9faf-4944-8c52-2d8541be08b1,Credit Flex,CREDIT_FLEX_FASANARA_COLLECTIONS,923,Credit Flex 828,CURRLIAB,LIABILITY,16.28,NONE
2025-12-11,SPEND bank txn,c7483471-ad24-4067-a3b4-c36b9666f046,CAPIFY,CAPIFY ref: ,864,CAPIFY UK LLC,TERMLIAB,LIABILITY,49.16,NONE
2026-03-20,SPEND bank txn,c77850dd-804d-4d53-a82a-6af6bfd462f6,PROREMAPS,"PROREMAPS.CO.UK - Unit 4, Whitacre Industrial Park Whitacre Str, HUDDERSFIELD",310,Cost of Goods Sold,DIRECTCOSTS,EXPENSE,74.16,INPUT2
2025-12-05,SPEND bank txn,c7ff68d2-02d7-4955-8b2c-d2bfb6e36001,PROREMAPS,"PROREMAPS.CO.UK - Unit 4, Whitacre Industrial Park Whitacre Str, HUDDERSFIELD",310,Cost of Goods Sold,DIRECTCOSTS,EXPENSE,74.16,INPUT2
2026-03-03,SPEND bank txn,c8082b37-0260-4e78-ac5c-7c06f9a3356f,Amazon,"AMZNMktplace*Z33UX91D4 - 1 Principal Pl, Worship St, LONDON",310,Cost of Goods Sold,DIRECTCOSTS,EXPENSE,78.99,INPUT2
2025-12-02,SPEND bank txn,c80ca0be-0384-46be-8c79-070c731ba130,DAWN ROUND,Dawn Round ref: ,325,Direct Expenses,DIRECTCOSTS,EXPENSE,500,NONE
2026-01-27,SPEND bank txn,c8db1613-4623-4032-a467-4fe6ae15d258,FIRESOLVE LIMITED,,325,Direct Expenses,DIRECTCOSTS,EXPENSE,315.9,NONE
2026-01-02,SPEND bank txn,c8edd51b-3962-48c5-a0cf-5202cf67dbbc,DVLA-VN08LZK,DVLA-VN08LZK ref: ,325,Direct Expenses,DIRECTCOSTS,EXPENSE,22.31,NONE
2025-12-12,SPEND bank txn,c8f76f7c-a3dc-48c8-9936-358257ff08a3,REECE RILEY,Reece Riley ref: ,814,Wages Payable - Payroll,CURRLIAB,LIABILITY,50,NONE
2026-02-06,SPEND bank txn,c91d524e-8c0f-4ffe-aaf9-8c0c8e574b01,CAPIFY,CAPIFY ref: ,864,CAPIFY UK LLC,TERMLIAB,LIABILITY,49.16,NONE
2026-04-14,SPEND bank txn,ca455032-68d2-461e-a221-56ba52429bcf,CAPIFY,CAPIFY ref: ,864,CAPIFY UK LLC,TERMLIAB,LIABILITY,122.49,NONE
2026-01-09,SPEND bank txn,ca65b2a3-cb79-4cd9-b2d8-ac86a7037488,MYPOS,,485,Subscriptions,OVERHEADS,EXPENSE,24,NONE
2026-03-10,SPEND bank txn,ca97eede-711b-4fab-b327-8b5ef643edbd,PROREMAPS,"PROREMAPS.CO.UK - Unit 4, Whitacre Industrial Park Whitacre Str, HUDDERSFIELD",310,Cost of Goods Sold,DIRECTCOSTS,EXPENSE,74.16,INPUT2
2026-01-12,SPEND bank txn,cbe9c367-b23f-408f-92d1-98f6b1d806fc,CAPIFY,CAPIFY ref: ,864,CAPIFY UK LLC,TERMLIAB,LIABILITY,49.16,NONE
2026-03-02,SPEND bank txn,cca74636-332c-40ee-a248-614e7208b2c6,DVLA-FR13BNX,DVLA-FR13BNX ref: ,325,Direct Expenses,DIRECTCOSTS,EXPENSE,18.81,NONE
2026-02-02,SPEND bank txn,ccec51aa-6f10-4381-8a43-a71bd32d01e3,DVLA-J25SJF,DVLA-J25SJF ref: ,325,Direct Expenses,DIRECTCOSTS,EXPENSE,23.18,NONE
2026-04-22,SPEND bank txn,cd3195e2-bc83-4e33-a4d1-c1dead4122eb,More Than Accountants,,401,Audit & Accountancy fees,OVERHEADS,EXPENSE,760.8,INPUT2
2026-03-13,SPEND bank txn,cd4ddd0f-dcab-498e-8aae-b2f91798d76b,FDMS,FDMS ref: ,485,Subscriptions,OVERHEADS,EXPENSE,54.8,INPUT2
2026-04-02,SPEND bank txn,cd4e45a5-55dd-4f45-8695-a92010eafe36,MARKETPLACE MERCHA,MARKETPLACE MERCHA ref: ,400,Advertising & Marketing,OVERHEADS,EXPENSE,36,NONE
2026-01-01,SPEND bank txn,ce332fff-cc3a-4bcf-83c8-53e208a878b1,Bank fee,Fees: Bank transfer and Direct Debit for last month (20p per transaction),404,Bank Fees,OVERHEADS,EXPENSE,69.99,EXEMPTINPUT
2025-11-03,SPEND bank txn,ce690023-9a2e-409b-a10c-940b51026ce2,DVLA-J25SJF,DVLA-J25SJF ref: ,325,Direct Expenses,DIRECTCOSTS,EXPENSE,23.18,NONE
2026-01-21,SPEND bank txn,ce8e5934-51a9-493d-85d9-f67b19e1bc2f,ICONIC MEDIA,GB 343968563,400,Advertising & Marketing,OVERHEADS,EXPENSE,30,INPUT2
2026-02-26,SPEND bank txn,cec7fff4-66c8-4d71-9c4f-3dcb75f7ef5e,CAPIFY,CAPIFY ref: ,864,CAPIFY UK LLC,TERMLIAB,LIABILITY,49.16,NONE
2026-01-28,SPEND bank txn,cfc840e1-4877-411b-bb72-11ab9ba10716,Credit Flex,CREDIT_FLEX_FASANARA_COLLECTIONS,914,Credit Flex 1530.15,CURRLIAB,LIABILITY,414.61,NONE
2026-01-05,SPEND bank txn,d0964b65-2cec-4724-8926-019a96d6c5c3,CAPIFY,CAPIFY ref: ,864,CAPIFY UK LLC,TERMLIAB,LIABILITY,49.16,NONE
2025-11-21,SPEND bank txn,d0aae64b-4193-4183-aa64-99bdd665ef20,CAPIFY,CAPIFY ref: ,864,CAPIFY UK LLC,TERMLIAB,LIABILITY,49.16,NONE
2026-03-27,SPEND bank txn,d0e4e431-cbb3-462e-b4ec-cdf050efb444,CAPIFY,CAPIFY ref: ,864,CAPIFY UK LLC,TERMLIAB,LIABILITY,49.16,NONE
2025-10-31,SPEND bank txn,d151ddfb-5799-44af-9f6d-e40a149d7976,PROREMAPS,"PROREMAPS.CO.UK - Unit 4, Whitacre Industrial Park Whitacre Str, HUDDERSFIELD",310,Cost of Goods Sold,DIRECTCOSTS,EXPENSE,74.16,INPUT2
2025-12-17,SPEND bank txn,d1669a6d-529d-4154-a8c4-8cb757c574a3,dvsa,,325,Direct Expenses,DIRECTCOSTS,EXPENSE,102.5,NONE
2026-01-02,SPEND bank txn,d19c95d8-cc67-4471-b9e9-26896c7dff71,CAPIFY,CAPIFY ref: ,864,CAPIFY UK LLC,TERMLIAB,LIABILITY,49.16,NONE
2025-11-18,SPEND bank txn,d277e9a4-da42-4b58-acb4-822f127afa0e,CAPIFY,CAPIFY ref: ,864,CAPIFY UK LLC,TERMLIAB,LIABILITY,49.16,NONE
2026-04-10,SPEND bank txn,d2e98dcd-48c7-4e3a-a143-fb7bdf154927,CAPIFY,CAPIFY ref: ,864,CAPIFY UK LLC,TERMLIAB,LIABILITY,49.16,NONE
2026-01-29,SPEND bank txn,d3619827-cd11-4ef1-a516-e2a7a6c539e8,Amazon,"AMZNMktplace*Z33UX91D4 - 1 Principal Pl, Worship St, LONDON",310,Cost of Goods Sold,DIRECTCOSTS,EXPENSE,11.95,INPUT2
2026-01-10,SPEND bank txn,d3948796-a7dc-432f-b40b-830ae875232d,dvsa,,325,Direct Expenses,DIRECTCOSTS,EXPENSE,102.5,NONE
2026-02-23,SPEND bank txn,d3e45cc4-c339-49f2-bd72-3c201dbffeb0,CAPIFY,CAPIFY ref: ,864,CAPIFY UK LLC,TERMLIAB,LIABILITY,49.16,NONE
2026-01-10,SPEND bank txn,d4e57ddb-d7d6-4f30-a43f-545ca2fcdd81,GB PRINT & WEBSITE,,461,Printing & Stationery,OVERHEADS,EXPENSE,350,NONE
2026-03-24,SPEND bank txn,d5257f11-f22a-47af-9583-511a6e2e3294,Youlend,YOULEND ref: ,900,You Lend Loan,TERMLIAB,LIABILITY,78.88,NONE
2025-12-15,SPEND bank txn,d5324dd3-c5d0-4ce0-906d-7f7b0c2ff924,CAPIFY,CAPIFY ref: ,864,CAPIFY UK LLC,TERMLIAB,LIABILITY,49.16,NONE
2025-10-31,SPEND bank txn,d6c0a570-01ce-488a-8f3a-b213a3d1bbfb,Ian W Bentley Bulk Transport Ltd,Ian W Bentley Bulk Transport Ltd ref: ,469,Rent & Rates,OVERHEADS,EXPENSE,3250,INPUT2
2026-02-22,SPEND bank txn,d6d76a79-144e-4b99-bb7d-fe53e708cc29,Alliance automotive UK LV ltd,VAT: GB945169595,310,Cost of Goods Sold,DIRECTCOSTS,EXPENSE,408,INPUT2
2025-10-31,SPEND bank txn,d72e9cdd-f984-47ce-bff0-7e47cd9c3acb,CAPIFY UK LLC,,864,CAPIFY UK LLC,TERMLIAB,LIABILITY,49.16,NONE
2025-11-22,SPEND bank txn,d73489a4-45a8-423a-8a06-d3ba94a44792,SCOTT FILL,Scott Fill ref: ,814,Wages Payable - Payroll,CURRLIAB,LIABILITY,600,NONE
2025-11-13,SPEND bank txn,d7bc2460-8b4a-4b8f-9844-bb17d12af978,RETAIL MOTOR IND F,,485,Subscriptions,OVERHEADS,EXPENSE,153.5,NONE
2026-01-24,SPEND bank txn,d83cf50b-69c2-4e4e-8b01-88103f90d3bb,PROREMAPS,"PROREMAPS.CO.UK - Unit 4, Whitacre Industrial Park Whitacre Str, HUDDERSFIELD",310,Cost of Goods Sold,DIRECTCOSTS,EXPENSE,74.16,INPUT2
2025-12-23,SPEND bank txn,d8d759f9-6217-4c14-9e93-5195389b0974,CAPIFY,CAPIFY ref: ,864,CAPIFY UK LLC,TERMLIAB,LIABILITY,49.16,NONE
2026-01-17,SPEND bank txn,d9267e1d-918e-463d-8eba-056041ff7cfd,Credit Flex,CREDIT_FLEX_FASANARA_COLLECTIONS,922,Credit Flex 850,CURRLIAB,LIABILITY,158.47,NONE
2026-04-20,SPEND bank txn,d98b1c9e-24de-4e18-82ff-93d17707a875,BOOKMYGARAGE,,310,Cost of Goods Sold,DIRECTCOSTS,EXPENSE,24,NONE
2026-02-06,SPEND bank txn,d9e8bcc5-bcc3-4c60-a98b-02a8010e51ea,Credit Flex,CREDIT_FLEX_FASANARA_COLLECTIONS,918,Credit Flex 3800,CURRLIAB,LIABILITY,388.62,NONE
2025-11-10,SPEND bank txn,da213bf2-576a-447d-a613-c2b8cf34a4db,Credit Flex,CREDIT_FLEX_FASANARA_COLLECTIONS,913,Credit Flex 916.43,CURRLIAB,LIABILITY,248.32,NONE
2025-12-01,SPEND bank txn,da466a8a-9172-497f-b759-6b46851402f4,DVLA-J25SJF,DVLA-J25SJF ref: ,325,Direct Expenses,DIRECTCOSTS,EXPENSE,23.18,NONE
2025-12-18,SPEND bank txn,dacbcfac-26db-4aed-9466-5abad60f40bf,BANOZE TYRES WHOLESALE,VAT No: GB247160514,310,Cost of Goods Sold,DIRECTCOSTS,EXPENSE,521.35,INPUT2
2026-04-17,SPEND bank txn,db92aaaa-f760-4792-9125-0e3b2ac1211e,PROREMAPS,"PROREMAPS.CO.UK - Unit 4, Whitacre Industrial Park Whitacre Str, HUDDERSFIELD",310,Cost of Goods Sold,DIRECTCOSTS,EXPENSE,74.16,INPUT2
2025-11-14,SPEND bank txn,dcd2a86a-23be-4e94-bcf1-476ccf04c471,CAPIFY,CAPIFY ref: ,864,CAPIFY UK LLC,TERMLIAB,LIABILITY,49.16,NONE
2026-04-21,SPEND bank txn,dd0e75b2-f0b9-4777-a99c-ae7ea617a501,Youlend,YOULEND ref: ,900,You Lend Loan,TERMLIAB,LIABILITY,78.88,NONE
2026-02-13,SPEND bank txn,dd47a265-f7c6-4dd0-8fba-7e7f4263973f,CAPIFY,CAPIFY ref: ,864,CAPIFY UK LLC,TERMLIAB,LIABILITY,49.16,NONE
2026-04-15,SPEND bank txn,ddcc16a3-b3c8-4496-922a-db1012082847,Alliance automotive UK LV ltd,VAT: GB945169595,310,Cost of Goods Sold,DIRECTCOSTS,EXPENSE,300,INPUT2
2025-12-24,SPEND bank txn,de294602-8713-46d9-815a-33242f65c1e2,dvsa,,325,Direct Expenses,DIRECTCOSTS,EXPENSE,102.5,NONE
2025-12-01,SPEND bank txn,de578c90-a0bf-4d03-acf7-ca3fa9a06076,DVLA-VN08LZK,DVLA-VN08LZK ref: ,325,Direct Expenses,DIRECTCOSTS,EXPENSE,22.31,NONE
2026-02-17,SPEND bank txn,deb29699-c526-4a06-a0c1-f55ee45d24b3,BOOKMYGARAGE,,310,Cost of Goods Sold,DIRECTCOSTS,EXPENSE,144,NONE
2026-04-09,SPEND bank txn,dec23987-81ec-4452-b1fe-b4152aae153c,Ian W Bentley Bulk Transport Ltd,Ian W Bentley Bulk Transport Ltd ref: ,469,Rent & Rates,OVERHEADS,EXPENSE,1000,INPUT2
2025-11-24,SPEND bank txn,dee67f29-9fb4-4217-9403-7795be266ab6,CLOSE-KONSILEO,CLOSE-KONSILEO ref: ,433,Insurance,OVERHEADS,EXPENSE,875.71,EXEMPTINPUT
2026-06-17,SPEND bank txn,defaf66e-c2a6-48df-85cd-e07c5c79826e,Credit Flex,CREDIT_FLEX_FASANARA_COLLECTIONS,922,Credit Flex 850,CURRLIAB,LIABILITY,158.2,NONE
2025-12-12,SPEND bank txn,df4335fa-313a-4053-87d3-132631c29ed3,FDMS,FDMS ref: ,485,Subscriptions,OVERHEADS,EXPENSE,54.8,INPUT2
2026-04-18,SPEND bank txn,dfb1913c-d867-4f9d-974d-d80d0de50e4f,PROREMAPS,"PROREMAPS.CO.UK - Unit 4, Whitacre Industrial Park Whitacre Str, HUDDERSFIELD",310,Cost of Goods Sold,DIRECTCOSTS,EXPENSE,74.16,INPUT2
2025-11-20,SPEND bank txn,dfba43fe-1b56-4e52-93a2-4d5de3d48f30,CAPIFY,CAPIFY ref: ,864,CAPIFY UK LLC,TERMLIAB,LIABILITY,49.16,NONE
2026-04-17,SPEND bank txn,e00f5e72-0982-41eb-84b4-2b5004521e88,Youlend,YOULEND ref: ,900,You Lend Loan,TERMLIAB,LIABILITY,78.88,NONE
2026-02-01,SPEND bank txn,e04002d4-f68d-4ab9-9005-a7eb7c7c0463,Bank fee,Fees: Bank transfer and Direct Debit for last month (20p per transaction),404,Bank Fees,OVERHEADS,EXPENSE,69.99,EXEMPTINPUT
2026-03-20,SPEND bank txn,e05e85a2-27cb-4e15-b664-c3aee6eb5185,ICONIC MEDIA,GB 343968563,400,Advertising & Marketing,OVERHEADS,EXPENSE,30,INPUT2
2025-11-03,SPEND bank txn,e0922304-1f46-4e13-a684-45930a602f04,DVLA-VN08LZK,DVLA-VN08LZK ref: ,325,Direct Expenses,DIRECTCOSTS,EXPENSE,22.31,NONE
2026-02-23,SPEND bank txn,e0bbc773-0843-4256-9184-7820351206ae,Youlend,YOULEND ref: ,900,You Lend Loan,TERMLIAB,LIABILITY,78.88,NONE
2025-11-20,SPEND bank txn,e13e5bd9-1d63-4686-af99-b69259174cd0,GOCARDLESS,,400,Advertising & Marketing,OVERHEADS,EXPENSE,33.12,INPUT2
2025-12-12,SPEND bank txn,e1922245-b24c-4c57-a09f-2b3bd558b96f,National World Publishing,"National World Publish - 26 Whitehall Road, LEEDS",480,Staff Training,OVERHEADS,EXPENSE,30,NONE
2026-04-28,SPEND bank txn,e19f83d3-295e-45f2-ba32-ce1bbc2325f4,Amazon,"Amazon.co.uk*EY01E0VI5 - 1 Principal Place, Worship Str, LONDON",310,Cost of Goods Sold,DIRECTCOSTS,EXPENSE,34.99,INPUT2
2026-03-17,SPEND bank txn,e1b01901-4578-4449-a87d-73f7290821cf,Alliance automotive UK LV ltd,VAT: GB945169595,310,Cost of Goods Sold,DIRECTCOSTS,EXPENSE,235.32,INPUT2
2026-03-02,SPEND bank txn,e1c1ca33-779e-466b-99bb-f12f8fe8822c,QUANTUM FUNDING,QUANTUM FUNDING ref: ,903,Quantum Funding,CURRLIAB,LIABILITY,606.64,NONE
2026-02-11,SPEND bank txn,e238fa7f-6c6c-4eee-bf26-0ca2de283a74,PROREMAPS,"PROREMAPS.CO.UK - Unit 4, Whitacre Industrial Park Whitacre Str, HUDDERSFIELD",310,Cost of Goods Sold,DIRECTCOSTS,EXPENSE,74.16,INPUT2
2025-12-19,SPEND bank txn,e3625a24-49a1-4346-bfcc-ea7cd9ddcc31,CAPIFY,CAPIFY ref: ,864,CAPIFY UK LLC,TERMLIAB,LIABILITY,49.16,NONE
2025-11-03,SPEND bank txn,e37c48bc-5f0e-4d3a-a113-a28a02562fa1,DAWN ROUND,Dawn Round ref: ,325,Direct Expenses,DIRECTCOSTS,EXPENSE,500,NONE
2026-03-07,SPEND bank txn,e4a2244e-7b6b-4331-9763-091ba2187519,PROREMAPS,"PROREMAPS.CO.UK - Unit 4, Whitacre Industrial Park Whitacre Str, HUDDERSFIELD",310,Cost of Goods Sold,DIRECTCOSTS,EXPENSE,74.16,INPUT2
2026-03-28,SPEND bank txn,e4bc6380-befc-4908-a46c-033bab1e2a6e,REECE RILEY,Reece Riley ref: ,814,Wages Payable - Payroll,CURRLIAB,LIABILITY,600,NONE
2026-02-09,SPEND bank txn,e4d4d163-75e4-47a8-be52-1fc7c28b3f21,SCOTT FILL,Scott Fill ref: ,814,Wages Payable - Payroll,CURRLIAB,LIABILITY,250,NONE
2026-02-05,SPEND bank txn,e51255b7-e4b5-4747-a74b-a73147be1b74,dvsa,,325,Direct Expenses,DIRECTCOSTS,EXPENSE,102.5,NONE
2026-01-16,SPEND bank txn,e52c62c0-e21b-44f0-978d-a36c2ba4b78b,CAPIFY,CAPIFY ref: ,864,CAPIFY UK LLC,TERMLIAB,LIABILITY,49.16,NONE
2025-12-06,SPEND bank txn,e5962878-8790-4994-9599-c851ac3d580e,Credit Flex,CREDIT_FLEX_FASANARA_COLLECTIONS,912,Credit Flex - 827.08,CURRLIAB,LIABILITY,224.11,NONE
2025-12-01,SPEND bank txn,e5f8216f-bf00-4580-b8dc-a545be3003ec,QUANTUM FUNDING,QUANTUM FUNDING ref: ,903,Quantum Funding,CURRLIAB,LIABILITY,606.64,NONE
2026-01-26,SPEND bank txn,e7b3e57b-7bd9-4139-8dfb-8cd45f83f501,CAPIFY,CAPIFY ref: ,864,CAPIFY UK LLC,TERMLIAB,LIABILITY,49.16,NONE
2026-04-16,SPEND bank txn,e81d4e56-60df-4346-b1a1-36cf91b07b88,PROREMAPS,"PROREMAPS.CO.UK - Unit 4, Whitacre Industrial Park Whitacre Str, HUDDERSFIELD",310,Cost of Goods Sold,DIRECTCOSTS,EXPENSE,49.44,INPUT2
2026-01-21,SPEND bank txn,e88138a2-aacd-4e7e-a685-d06c410ee50d,Youlend,YOULEND ref: ,900,You Lend Loan,TERMLIAB,LIABILITY,78.88,NONE
2025-12-24,SPEND bank txn,e92e518e-8434-488b-91aa-ab4e8ef0c9a4,Youlend,YOULEND ref: ,900,You Lend Loan,TERMLIAB,LIABILITY,78.88,NONE
2025-11-04,SPEND bank txn,e9b0c959-eae5-43bd-9c33-3e32cf849683,PROREMAPS,"PROREMAPS.CO.UK - Unit 4, Whitacre Industrial Park Whitacre Str, HUDDERSFIELD",310,Cost of Goods Sold,DIRECTCOSTS,EXPENSE,148.32,INPUT2
2025-11-19,SPEND bank txn,ea327ee2-18bd-41a3-be30-4b898ff9c34b,dvsa,,325,Direct Expenses,DIRECTCOSTS,EXPENSE,102.5,NONE
2025-11-10,SPEND bank txn,ea32b85f-879f-43ea-9e17-7e97914e97a7,Amazon,"AMZNMktplace*E60N58N85 - 1 Principal Pl, Worship St, LONDON",310,Cost of Goods Sold,DIRECTCOSTS,EXPENSE,6.99,INPUT2
2026-03-09,SPEND bank txn,ea87b559-b27c-42b3-b156-06d3728d4b0d,CAPIFY,CAPIFY ref: ,864,CAPIFY UK LLC,TERMLIAB,LIABILITY,49.16,NONE
2026-01-22,SPEND bank txn,eae31e95-ef08-4087-99f7-b3ee3ae7b7db,PROREMAPS,"PROREMAPS.CO.UK - Unit 4, Whitacre Industrial Park Whitacre Str, HUDDERSFIELD",310,Cost of Goods Sold,DIRECTCOSTS,EXPENSE,74.16,INPUT2
2026-04-20,SPEND bank txn,ec85ec6b-ebb8-4546-987f-d0220220ca40,Youlend,YOULEND ref: ,900,You Lend Loan,TERMLIAB,LIABILITY,78.88,NONE
2026-04-02,SPEND bank txn,ed422339-9fc1-4dc9-8b68-015dec0ed0f7,Napa Auto Parts,,310,Cost of Goods Sold,DIRECTCOSTS,EXPENSE,500,INPUT2
2026-04-28,SPEND bank txn,ed596d2f-3272-4e91-b466-de584b13d325,Youlend,YOULEND ref: ,900,You Lend Loan,TERMLIAB,LIABILITY,78.88,NONE
2025-11-10,SPEND bank txn,edaba3a8-5729-40ac-8693-d1723c0e1762,JOHNSONS WORKWEAR 1,VAT: GB825489105,492,Workwear,EXPENSE,EXPENSE,75.84,INPUT2
2026-06-24,SPEND bank txn,eebd544d-746b-459e-b0e3-4978c43d09f7,Credit Flex,CREDIT_FLEX_FASANARA_COLLECTIONS,923,Credit Flex 828,CURRLIAB,LIABILITY,44.46,NONE
2026-03-20,SPEND bank txn,eeeacc60-6c59-48a7-9ae3-9ef4b9743f92,PROREMAPS,"PROREMAPS.CO.UK - Unit 4, Whitacre Industrial Park Whitacre Str, HUDDERSFIELD",310,Cost of Goods Sold,DIRECTCOSTS,EXPENSE,74.16,INPUT2
2026-02-23,SPEND bank txn,ef01086d-9e59-48bf-8a4a-02226fca9ac6,BOOKMYGARAGE,,310,Cost of Goods Sold,DIRECTCOSTS,EXPENSE,24,NONE
2026-02-10,SPEND bank txn,ef2485d4-8768-45a1-8d00-ad362b099ece,TAKEPAYMENTS LTD,,485,Subscriptions,OVERHEADS,EXPENSE,1.2,EXEMPTINPUT
2026-03-18,SPEND bank txn,ef79b0d3-e3dd-455a-8eef-9402fbef69aa,Ebay,"eBay O*16-13303-92199 - 1 MORE LONDON PLACE, INTERNET",310,Cost of Goods Sold,DIRECTCOSTS,EXPENSE,25.49,INPUT2
2026-04-24,SPEND bank txn,efcfae9b-2cb2-42e1-9837-699ced98a31b,Alliance automotive UK LV ltd,VAT: GB945169595,310,Cost of Goods Sold,DIRECTCOSTS,EXPENSE,500,INPUT2
2026-02-13,SPEND bank txn,efd418bc-c0bd-4256-928a-23bd79dcb22b,FDMS,FDMS ref: ,485,Subscriptions,OVERHEADS,EXPENSE,54.8,INPUT2
2026-02-16,SPEND bank txn,f012950a-dc9a-4e32-9a1c-b63e423d0293,Iwoca tetra ltd,Iwoca tetra ltd ref: ,901,IWOCA Loan,TERMLIAB,LIABILITY,2972.04,NONE
2026-04-07,SPEND bank txn,f0246795-0075-4bd3-95c2-6c480e4b62db,Credit Flex,CREDIT_FLEX_FASANARA_COLLECTIONS,918,Credit Flex 3800,CURRLIAB,LIABILITY,106.25,NONE
2025-12-19,SPEND bank txn,f06163ef-41d8-4745-a662-6c806e9456c6,ICONIC MEDIA,GB 343968563,400,Advertising & Marketing,OVERHEADS,EXPENSE,30,INPUT2
2026-04-01,SPEND bank txn,f0841909-5f73-4b26-892a-4d9bc506267a,PROREMAPS,,310,Cost of Goods Sold,DIRECTCOSTS,EXPENSE,74.16,INPUT2
2026-03-18,SPEND bank txn,f177610a-1b56-435f-9e4e-4f277d93abf6,PROREMAPS,"PROREMAPS.CO.UK - Unit 4, Whitacre Industrial Park Whitacre Str, HUDDERSFIELD",310,Cost of Goods Sold,DIRECTCOSTS,EXPENSE,49.44,INPUT2
2026-01-15,SPEND bank txn,f17e2f7c-7ca1-4a7c-b974-90a042f7aacc,FDMS,FDMS ref: ,485,Subscriptions,OVERHEADS,EXPENSE,54.8,INPUT2
2026-04-17,SPEND bank txn,f184c66d-765b-4e8a-bcf7-ecd0ba958f01,Napa Auto Parts,,310,Cost of Goods Sold,DIRECTCOSTS,EXPENSE,500,INPUT2
2026-02-28,SPEND bank txn,f1d78fe9-eefe-4aa7-a4f7-3b3d18e91736,SCOTT FILL,Scott Fill ref: ,814,Wages Payable - Payroll,CURRLIAB,LIABILITY,500,NONE
2026-02-23,SPEND bank txn,f2293ba6-ace3-4634-9222-64d2a250b34a,BOOKMYGARAGE,,310,Cost of Goods Sold,DIRECTCOSTS,EXPENSE,24,NONE
2026-04-17,SPEND bank txn,f239fecb-3848-4b36-bc01-76dc13516444,CAPIFY,CAPIFY ref: ,864,CAPIFY UK LLC,TERMLIAB,LIABILITY,97.49,NONE
2026-02-25,SPEND bank txn,f2a654eb-566e-42e3-92b9-77938a412f28,Youlend,YOULEND ref: ,900,You Lend Loan,TERMLIAB,LIABILITY,78.88,NONE
2026-01-16,SPEND bank txn,f300585f-ff31-4d5d-90c3-b6e89dc087c8,Youlend,YOULEND ref: ,900,You Lend Loan,TERMLIAB,LIABILITY,78.88,NONE
2025-12-29,SPEND bank txn,f3290547-c977-43d8-8c88-02236078e662,Youlend,YOULEND ref: ,900,You Lend Loan,TERMLIAB,LIABILITY,78.88,NONE
2025-12-22,SPEND bank txn,f35b5920-7523-49de-b9b3-f7b1439fe6e7,Stephen Fill trading,Welding work,325,Direct Expenses,DIRECTCOSTS,EXPENSE,1000,NONE
2026-06-02,SPEND bank txn,f36f46b0-d8cd-4ce7-8e21-8498093a6f47,Credit Flex,CREDIT_FLEX_FASANARA_COLLECTIONS,916,Credit Flex - 760.80,CURRLIAB,LIABILITY,12.22,NONE
2026-03-05,SPEND bank txn,f3dfede2-f17f-471e-ac03-5a0b3b2f4686,RETAIL MOTOR IND F,RETAIL MOTOR IND F ref: ,485,Subscriptions,OVERHEADS,EXPENSE,153.5,NONE
2026-01-30,SPEND bank txn,f40f2eaf-4406-48b6-9000-b229f2f12299,Youlend,YOULEND ref: ,900,You Lend Loan,TERMLIAB,LIABILITY,78.88,NONE
2026-03-14,SPEND bank txn,f42301b9-b21d-48ca-8814-71f977cf482d,DEBT & REVENUE SERVICE,,825,PAYE Payable,CURRLIAB,LIABILITY,473.46,NONE
2026-01-23,SPEND bank txn,f4540d87-a0ca-4b9c-8ca5-f6fbb48c6e63,CLOSE-KONSILEO,CLOSE-KONSILEO ref: ,433,Insurance,OVERHEADS,EXPENSE,875.71,EXEMPTINPUT
2026-02-17,SPEND bank txn,f45b82c1-016b-4b27-b8ba-fbe3897fd05d,CAPIFY,CAPIFY ref: ,864,CAPIFY UK LLC,TERMLIAB,LIABILITY,49.16,NONE
2026-03-16,SPEND bank txn,f476cafb-0b4f-4089-a96c-28ac69c5ef2d,Ian W Bentley Bulk Transport Ltd,Utilities,469,Rent & Rates,OVERHEADS,EXPENSE,595.02,RRINPUT
2025-11-16,SPEND bank txn,f478314c-83e9-4426-95db-dd3fa007937c,SCOTT FILL,Scott Fill ref: ,814,Wages Payable - Payroll,CURRLIAB,LIABILITY,250,NONE
2026-02-03,SPEND bank txn,f4e60e49-f747-4ff3-81b7-f1f0af28653c,BOOKMYGARAGE,,310,Cost of Goods Sold,DIRECTCOSTS,EXPENSE,24,NONE
2026-06-26,SPEND bank txn,f4e7c63f-d093-47f1-8375-aef60d4826db,Credit Flex,CREDIT_FLEX_FASANARA_COLLECTIONS,921,Credit Flex 3500,CURRLIAB,LIABILITY,317.98,NONE
2026-03-03,SPEND bank txn,f4ed8ffe-18e5-4b86-b032-db0d122e7347,DVLA-VN08LZK,DVLA-VN08LZK ref: ,325,Direct Expenses,DIRECTCOSTS,EXPENSE,23.27,NONE
2026-01-27,SPEND bank txn,f5781e1c-bf0b-4590-b61d-94fb3a0e2ef2,K G AUTO ENGINEER LIMITED,,310,Cost of Goods Sold,DIRECTCOSTS,EXPENSE,45,NONE
2026-01-02,SPEND bank txn,f5951c6c-1e4b-4da6-bc1d-bc9c87c3d480,MORE THAN ACCOUNT,MORE THAN ACCOUNT ref: ,401,Audit & Accountancy fees,OVERHEADS,EXPENSE,760.8,INPUT2
2026-05-06,SPEND bank txn,f5fe37d7-9be3-448a-9145-895bc7c91698,Credit Flex,CREDIT_FLEX_FASANARA_COLLECTIONS,919,Credit Flex 950,CURRLIAB,LIABILITY,22.57,NONE
2025-12-09,SPEND bank txn,f665ec6f-8294-4d57-872d-c5cc405c985d,Youlend,YOULEND ref: ,900,You Lend Loan,TERMLIAB,LIABILITY,78.88,NONE
2025-12-11,SPEND bank txn,f696e100-1615-44f7-90a1-3636ac75a242,Youlend,YOULEND ref: ,900,You Lend Loan,TERMLIAB,LIABILITY,78.88,NONE
2026-01-16,SPEND bank txn,f7136b49-66e6-4bc2-a807-8020a4f54cb8,K G AUTO ENGINEER LIMITED,,310,Cost of Goods Sold,DIRECTCOSTS,EXPENSE,90,NONE
2026-04-02,SPEND bank txn,f71f95a1-eeb0-4395-b1ac-028141687552,Credit Flex,CREDIT_FLEX_FASANARA_COLLECTIONS,916,Credit Flex - 760.80,CURRLIAB,LIABILITY,141.84,NONE
2026-03-19,SPEND bank txn,f7b98c23-75b2-4e47-8464-7fbe4a103ea6,Amazon,"AMZNMktplace*Z33UX91D4 - 1 Principal Pl, Worship St, LONDON",310,Cost of Goods Sold,DIRECTCOSTS,EXPENSE,18.9,INPUT2
2026-04-29,SPEND bank txn,f8fed610-a5bd-49db-9b5e-29af6ebc6f24,Youlend,YOULEND ref: ,900,You Lend Loan,TERMLIAB,LIABILITY,78.88,NONE
2025-12-28,SPEND bank txn,fa0015f2-72f5-48bb-a93e-e75ef2444dc7,Credit Flex,CREDIT_FLEX_FASANARA_COLLECTIONS,914,Credit Flex 1530.15,CURRLIAB,LIABILITY,414.61,NONE
2026-03-23,SPEND bank txn,fa0fe08e-2fdd-4ae0-b881-5c2c760f6be4,CAPIFY,CAPIFY ref: ,864,CAPIFY UK LLC,TERMLIAB,LIABILITY,49.16,NONE
2026-04-02,SPEND bank txn,fa29d837-2d31-4ebd-9ea9-da0f980cba4e,CAPIFY,CAPIFY ref: ,864,CAPIFY UK LLC,TERMLIAB,LIABILITY,97.49,NONE
2025-11-04,SPEND bank txn,fa32200a-1249-4cc2-9974-32378dec55e4,SCOTT FILL,Scott Fill ref: ,814,Wages Payable - Payroll,CURRLIAB,LIABILITY,200,NONE
2026-04-23,SPEND bank txn,fa46c8ac-9b94-4faa-9ecb-44abe9e1e778,PROREMAPS,"PROREMAPS.CO.UK - Unit 4, Whitacre Industrial Park Whitacre Str, HUDDERSFIELD",310,Cost of Goods Sold,DIRECTCOSTS,EXPENSE,74.16,INPUT2
2025-12-22,SPEND bank txn,fa9c5ff2-f36c-4c5c-ab1f-5653450f716b,CAPIFY,CAPIFY ref: ,864,CAPIFY UK LLC,TERMLIAB,LIABILITY,49.16,NONE
2025-11-04,SPEND bank txn,fb89b6b4-3bc6-44ff-a432-e43a86465e1b,Youlend,YOULEND ref: ,900,You Lend Loan,TERMLIAB,LIABILITY,78.88,NONE
2025-11-07,SPEND bank txn,fbe1d446-7ffb-4571-8326-e8e261a64bfe,Youlend,YOULEND ref: ,900,You Lend Loan,TERMLIAB,LIABILITY,78.88,NONE
2026-02-27,SPEND bank txn,fc11d0b4-1076-474b-abeb-f0b28dfa71ad,Forward security services ltd,Forward security services ltd ref: ,485,Subscriptions,OVERHEADS,EXPENSE,150,INPUT2
2026-03-06,SPEND bank txn,fcf4539a-c407-43eb-ac61-8f92a25b4df9,CAPIFY,CAPIFY ref: ,864,CAPIFY UK LLC,TERMLIAB,LIABILITY,49.16,NONE
2026-01-29,SPEND bank txn,fd646761-4473-4777-9b19-ddb117940198,CAPIFY,CAPIFY ref: ,864,CAPIFY UK LLC,TERMLIAB,LIABILITY,49.16,NONE
2025-12-10,SPEND bank txn,fd69df6c-d3b8-479b-b657-b68e9035957e,General Traffic,,310,Cost of Goods Sold,DIRECTCOSTS,EXPENSE,660,INPUT2
2025-11-09,SPEND bank txn,fd7bb757-7c0b-4bf7-8e42-efae54ba0a29,BANOZE TYRES WHOLESALE,VAT No: GB247160514,310,Cost of Goods Sold,DIRECTCOSTS,EXPENSE,344.46,INPUT2
2026-04-15,SPEND bank txn,fda4a425-a08e-488d-9888-824e66a559c6,Youlend,YOULEND ref: ,900,You Lend Loan,TERMLIAB,LIABILITY,78.88,NONE
2026-03-03,SPEND bank txn,fde823e3-8a12-4265-9466-82702ffd8507,Credit Flex,CREDIT_FLEX_FASANARA_COLLECTIONS,917,Credit Flex 3000,CURRLIAB,LIABILITY,236.46,NONE
2026-04-16,SPEND bank txn,fe6876c1-2e50-4966-865f-ba133e9b2846,Youlend,YOULEND ref: ,900,You Lend Loan,TERMLIAB,LIABILITY,78.88,NONE
2025-12-01,SPEND bank txn,fe891d67-5f38-4f60-871f-7790c084a0b7,Bank fee,Fees: Bank transfer and Direct Debit for last month (20p per transaction),404,Bank Fees,OVERHEADS,EXPENSE,69.99,EXEMPTINPUT
2026-04-10,SPEND bank txn,feb89251-cdc8-442f-aff9-a0a1ff384b55,MYPOS,,485,Subscriptions,OVERHEADS,EXPENSE,24,NONE
2026-04-01,SPEND bank txn,ff20d207-033d-4202-a455-7432b7cf8891,Bank fee,Fees: Bank transfer and Direct Debit for last month (20p per transaction),404,Bank Fees,OVERHEADS,EXPENSE,69.99,EXEMPTINPUT
2026-01-14,SPEND bank txn,ff49e165-18e6-488c-b210-963d2b6d4fca,Amazon,"Amazon.co.uk*EY01E0VI5 - 1 Principal Place, Worship Str, LONDON",310,Cost of Goods Sold,DIRECTCOSTS,EXPENSE,70.54,INPUT2
2026-05-02,SPEND bank txn,ffc3aef2-ad19-412d-be72-95054daf8415,Credit Flex,CREDIT_FLEX_FASANARA_COLLECTIONS,916,Credit Flex - 760.80,CURRLIAB,LIABILITY,33.34,NONE